#,load,load_color
5421,0.0,0
5415,0.0,-1
5416,0.0,-1
5418,0.0,-1
5417,0.0,-1
5414,0.0,-1
5413,0.0,-1
5412,0.0,-1
5411,0.0,-1
5409,0.0,-1
5410,0.0,-1
832,0.0,0
5407,0.0,-1
5408,0.0,-1
5406,0.0,-1
5403,0.0,-1
5404,0.0,-1
5402,0.0,-1
5405,0.0,-1
5400,0.0,-1
5399,0.0,-1
5401,0.0,0
5339,16.0,-1
5396,0.0,-1
5397,0.0,-1
5394,0.0,-1
5395,0.0,-1
5393,0.0,-1
5387,0.0,-1
5391,0.0,-1
5381,0.0,-1
5383,0.0,-1
5380,0.0,-1
5379,0.0,-1
5378,0.0,-1
5359,4.0,-1
5358,4.0,-1
5360,4.0,-1
5365,4.0,-1
5364,4.0,-1
5392,0.0,-1
5363,4.0,-1
5356,4.0,-1
5330,23.0,-1
5329,23.0,-1
5331,23.0,-1
5333,19.0,-1
5334,19.0,-1
5335,19.0,-1
5332,20.0,-1
5227,50.0,-1
5386,0.0,-1
5223,51.0,-1
5225,50.0,-1
5279,29.0,-1
5278,29.0,-1
5280,29.0,-1
5265,31.0,-1
4646,68.0,-1
4647,68.0,-1
4655,67.0,-1
5245,37.0,-1
5389,0.0,-1
5250,36.0,-1
5249,36.0,-1
5243,38.0,-1
4620,73.0,-1
4619,73.0,-1
5388,0.0,-1
5390,0.0,-1
5385,0.0,-1
5382,0.0,-1
5384,0.0,-1
5373,0.0,0
5374,0.0,0
5375,0.0,0
5376,0.0,0
5377,0.0,0
5372,0.0,-1
5369,0.0,0
5368,0.0,0
5371,0.0,0
5370,0.0,0
5367,0.0,0
4558,4.0,-1
4559,1.0,-1
4560,1.0,-1
4557,4.0,-1
5366,0.0,-1
5362,0.0,0
5361,0.0,0
5354,0.0,0
5355,0.0,0
5351,0.0,0
5353,0.0,0
5352,0.0,0
5348,0.0,0
5349,0.0,0
5347,0.0,0
5346,0.0,0
5350,0.0,0
5345,0.0,0
5343,0.0,0
5344,0.0,0
5342,0.0,0
5340,0.0,0
5341,0.0,0
5338,2.0,0
5337,0.0,0
770,0.0,0
740,10.0,0
765,0.0,-1
536,100.0,-1
764,0.0,0
763,0.0,0
743,0.0,-1
4379,4.0,-1
4349,11.0,-1
4146,47.0,-1
4376,5.0,-1
3653,75.0,-1
4279,30.0,-1
553,-2.0,-1
554,-2.0,-1
3958,63.0,-1
4350,9.0,-1
4348,12.0,-1
4335,16.0,-1
3694,74.0,-1
3928,65.0,-1
3851,70.0,-1
4109,51.0,-1
4344,14.0,-1
4548,1.0,-1
4312,23.0,-1
4226,38.0,-1
3529,81.0,-1
4227,38.0,-1
4276,31.0,-1
4551,1.0,-1
4549,1.0,-1
4550,1.0,-1
3853,70.0,-1
4289,28.0,-1
4317,23.0,-1
4310,25.0,-1
4274,31.0,-1
4500,0.0,-1
4483,0.0,-1
4531,0.0,-1
4537,0.0,-1
382,100.0,-1
4080,54.0,-1
3874,67.0,-1
4308,23.0,-1
4438,0.0,-1
4543,0.0,-1
4409,0.0,-1
4269,29.0,-1
4032,58.0,-1
4203,38.0,-1
4373,1.0,-1
4477,0.0,-1
4539,0.0,-1
4530,0.0,-1
4452,0.0,-1
4425,0.0,-1
4492,0.0,-1
4475,0.0,-1
383,100.0,-1
384,100.0,-1
385,100.0,-1
4220,35.0,-1
4391,0.0,-1
4380,1.0,-1
4384,0.0,-1
4523,0.0,-1
4417,0.0,-1
4489,0.0,-1
4450,0.0,-1
4378,1.0,0
4388,0.0,0
4390,0.0,0
4375,1.0,0
4488,0.0,-1
4521,0.0,-1
4458,0.0,-1
4542,0.0,-1
4433,0.0,-1
4540,0.0,-1
4465,0.0,-1
4396,0.0,-1
4422,0.0,-1
4447,0.0,-1
4478,0.0,-1
4424,0.0,-1
4479,0.0,-1
4512,0.0,-1
4538,0.0,-1
4449,0.0,-1
4533,0.0,-1
4516,0.0,-1
4400,0.0,-1
4439,0.0,-1
4526,0.0,-1
4410,0.0,-1
4459,0.0,-1
4497,0.0,-1
4098,51.0,-1
4191,42.0,-1
4195,41.0,-1
4365,3.0,-1
4468,0.0,-1
4507,0.0,-1
4511,0.0,-1
4514,0.0,-1
4462,0.0,-1
4535,0.0,-1
4421,0.0,-1
4441,0.0,-1
4399,0.0,-1
4397,0.0,-1
4403,0.0,-1
4529,0.0,-1
4443,0.0,-1
4451,0.0,-1
4429,0.0,-1
4480,0.0,-1
4420,0.0,0
4419,0.0,0
4418,0.0,0
4414,0.0,0
4223,35.0,-1
4383,0.0,-1
4382,0.0,-1
4381,0.0,-1
4457,0.0,-1
4499,0.0,-1
4487,0.0,-1
4461,0.0,-1
4406,0.0,-1
4496,0.0,-1
4476,0.0,-1
4509,0.0,-1
4402,0.0,-1
4469,0.0,-1
4513,0.0,-1
4416,0.0,-1
4333,16.0,-1
4353,4.0,-1
4481,0.0,-1
4405,0.0,-1
4408,0.0,-1
4494,0.0,-1
4440,0.0,-1
4505,0.0,-1
4411,0.0,-1
4472,0.0,-1
4532,0.0,-1
4393,0.0,-1
4519,0.0,-1
4428,0.0,-1
4470,0.0,-1
4490,0.0,-1
4456,0.0,-1
4427,0.0,-1
4482,0.0,-1
4508,0.0,-1
4435,0.0,-1
4501,0.0,-1
4502,0.0,-1
4493,0.0,-1
4115,48.0,-1
4250,32.0,-1
4377,1.0,-1
4466,0.0,-1
4432,0.0,-1
4394,0.0,-1
4527,0.0,-1
4437,0.0,-1
4520,0.0,-1
4517,0.0,-1
4491,0.0,-1
4454,0.0,-1
4546,0.0,-1
4455,0.0,-1
4486,0.0,-1
4528,0.0,-1
4412,0.0,-1
4442,0.0,-1
4426,0.0,-1
4448,0.0,-1
4467,0.0,-1
4415,0.0,-1
4444,0.0,-1
4404,0.0,-1
4524,0.0,-1
4445,0.0,-1
4430,0.0,-1
4401,0.0,-1
4545,0.0,-1
4387,0.0,-1
4385,0.0,-1
4525,0.0,-1
4460,0.0,-1
4510,0.0,-1
4484,0.0,-1
4464,0.0,-1
4515,0.0,-1
4413,0.0,-1
4495,0.0,-1
4541,0.0,-1
4547,0.0,-1
4434,0.0,-1
4436,0.0,-1
390,100.0,-1
396,100.0,-1
3888,66.0,-1
4332,16.0,-1
4544,0.0,-1
4395,0.0,-1
4474,0.0,-1
4463,0.0,-1
4398,0.0,-1
4407,0.0,-1
4518,0.0,-1
4506,0.0,-1
394,100.0,-1
381,100.0,-1
395,100.0,-1
3954,62.0,-1
4485,0.0,-1
4471,0.0,-1
4503,0.0,-1
4473,0.0,-1
4354,4.0,-1
4359,3.0,-1
4360,3.0,-1
4389,0.0,-1
4522,0.0,-1
4453,0.0,-1
4431,0.0,-1
4392,0.0,-1
4139,47.0,-1
4337,13.0,-1
4423,0.0,-1
4504,0.0,-1
4446,0.0,-1
4498,0.0,-1
4534,0.0,-1
4536,0.0,-1
5566,0.0,-1
5567,0.0,-1
5565,0.0,-1
5564,0.0,-1
5563,0.0,-1
5336,0.0,0
5560,0.0,-1
5562,0.0,-1
5561,0.0,-1
5559,0.0,-1
5323,0.0,-1
5324,0.0,-1
5326,0.0,-1
5327,0.0,-1
5325,0.0,-1
5328,0.0,-1
5306,0.0,-1
5307,0.0,-1
5304,0.0,-1
5308,0.0,-1
5305,0.0,-1
5319,0.0,-1
5318,0.0,-1
5322,0.0,-1
5320,0.0,-1
5321,0.0,-1
5313,0.0,0
5314,0.0,0
5315,0.0,0
5316,0.0,0
5317,0.0,0
5312,0.0,-1
5310,0.0,-1
5309,0.0,-1
5311,0.0,-1
5303,0.0,-1
5301,0.0,-1
5302,0.0,-1
731,0.0,-1
730,0.0,-1
4147,39.0,-1
3484,80.0,-1
837,94.0,-1
856,93.0,-1
1283,87.0,-1
3655,71.0,-1
402,100.0,-1
410,100.0,-1
409,100.0,-1
3472,81.0,-1
4309,14.0,-1
4343,3.0,-1
4315,12.0,-1
4316,12.0,-1
4339,3.0,-1
4347,0.0,-1
4346,0.0,-1
4341,0.0,-1
4342,0.0,-1
4336,1.0,-1
4338,0.0,-1
4233,33.0,0
4345,9.0,0
4374,0.0,0
4371,0.0,-1
4370,0.0,-1
4372,0.0,-1
4197,31.0,-1
4224,26.0,-1
4234,24.0,-1
4229,24.0,-1
4188,34.0,-1
4186,34.0,-1
4145,36.0,-1
4254,21.0,-1
4216,27.0,-1
4318,8.0,-1
4311,10.0,-1
4319,7.0,-1
4320,5.0,-1
4270,18.0,-1
4247,22.0,-1
4280,16.0,-1
4258,20.0,-1
4190,34.0,-1
4198,31.0,-1
4241,23.0,-1
4366,0.0,-1
4367,0.0,-1
4369,0.0,-1
4368,0.0,-1
4144,43.0,-1
4232,32.0,-1
4361,0.0,-1
4362,0.0,-1
4364,0.0,-1
4363,0.0,-1
4357,0.0,0
4358,0.0,0
4355,0.0,0
4356,0.0,0
4352,0.0,-1
4351,0.0,-1
5295,0.0,-1
5297,0.0,-1
5296,0.0,-1
5300,0.0,-1
5299,0.0,-1
5298,0.0,-1
5285,0.0,-1
5284,0.0,-1
5286,0.0,-1
5292,0.0,-1
5294,0.0,-1
5293,0.0,-1
5290,0.0,0
5291,0.0,0
5288,0.0,-1
5287,0.0,-1
5289,0.0,-1
5277,0.0,-1
5282,0.0,-1
5283,0.0,-1
5281,0.0,-1
5543,50.0,-1
5542,50.0,-1
5544,50.0,-1
5545,42.0,-1
5271,0.0,0
5273,0.0,0
5272,0.0,0
5275,0.0,0
5274,0.0,0
5276,0.0,0
5266,0.0,-1
5268,0.0,-1
5270,0.0,-1
5269,0.0,-1
5267,0.0,-1
5263,0.0,-1
5264,0.0,-1
5262,0.0,0
5261,0.0,0
5258,0.0,-1
5259,0.0,-1
5260,0.0,-1
5252,0.0,-1
5257,0.0,-1
5256,0.0,0
5255,0.0,0
5254,0.0,-1
5253,0.0,-1
5251,0.0,0
5248,0.0,0
5247,0.0,0
5246,0.0,0
5244,0.0,-1
5241,0.0,0
5222,22.0,-1
5220,22.0,-1
5239,6.0,-1
5242,0.0,-1
3905,54.0,-1
4206,19.0,-1
4030,46.0,-1
4200,21.0,-1
542,-2.0,-1
3499,76.0,-1
1475,83.0,-1
3584,71.0,-1
4304,0.0,-1
4252,10.0,-1
417,100.0,-1
4238,13.0,-1
4302,0.0,-1
4299,1.0,-1
4239,13.0,-1
4230,14.0,-1
4284,3.0,-1
4306,0.0,-1
3992,47.0,-1
4305,0.0,-1
4287,2.0,-1
4140,30.0,-1
4301,0.0,-1
4303,0.0,-1
4307,0.0,-1
3867,57.0,-1
4300,0.0,-1
4069,42.0,-1
4282,3.0,-1
4102,35.0,-1
4285,2.0,-1
4294,0.0,-1
4296,0.0,-1
4283,3.0,-1
4288,2.0,-1
4291,1.0,-1
3962,49.0,-1
4295,0.0,-1
4293,0.0,-1
4297,0.0,-1
4298,0.0,-1
4111,33.0,-1
4075,41.0,-1
4292,0.0,-1
4126,31.0,-1
4104,34.0,-1
4290,0.0,0
4286,12.0,-1
4153,33.0,0
4329,1.0,0
4331,0.0,0
4330,0.0,0
4328,0.0,-1
4324,0.0,-1
4326,0.0,-1
4325,0.0,-1
4327,0.0,-1
4323,0.0,-1
4321,0.0,-1
4322,0.0,-1
4152,32.0,-1
4260,15.0,-1
4281,11.0,-1
4193,29.0,-1
414,100.0,-1
4271,12.0,-1
4148,31.0,-1
4313,0.0,-1
4314,0.0,-1
4277,9.0,-1
4105,37.0,-1
4149,30.0,-1
4107,36.0,-1
4278,0.0,-1
4196,17.0,-1
4255,4.0,-1
4275,0.0,-1
4248,5.0,-1
4108,29.0,-1
4273,0.0,-1
4083,34.0,-1
4237,7.0,-1
4221,10.0,-1
4236,7.0,-1
4235,7.0,-1
4214,11.0,-1
4189,19.0,-1
4151,21.0,-1
4257,3.0,-1
4215,11.0,-1
4217,10.0,-1
4231,8.0,-1
4222,10.0,-1
4213,11.0,-1
3991,43.0,-1
4082,35.0,-1
4211,12.0,-1
4262,1.0,-1
4272,0.0,-1
5240,0.0,0
5234,0.0,-1
5236,0.0,-1
5237,0.0,-1
5235,0.0,-1
5238,0.0,-1
5231,0.0,-1
5233,0.0,-1
5232,0.0,-1
5230,0.0,-1
5229,0.0,-1
5224,3.0,-1
5226,1.0,-1
5228,0.0,-1
4096,24.0,-1
4210,0.0,-1
3971,37.0,-1
4037,32.0,-1
4208,0.0,-1
4209,0.0,-1
4207,0.0,-1
4071,29.0,-1
3536,67.0,-1
4204,0.0,-1
4100,20.0,-1
4117,16.0,-1
3903,43.0,-1
3894,44.0,-1
3911,42.0,-1
3881,45.0,-1
4076,27.0,-1
4202,0.0,-1
3899,43.0,-1
3934,39.0,0
4261,0.0,-1
4142,23.0,-1
3952,47.0,-1
3857,55.0,-1
1234,84.0,-1
4081,35.0,-1
4085,33.0,-1
3886,52.0,-1
418,100.0,-1
3547,70.0,-1
3869,53.0,-1
3586,68.0,-1
3674,63.0,-1
4068,38.0,-1
549,-2.0,-1
4150,20.0,-1
3995,42.0,-1
3907,50.0,-1
4141,24.0,-1
4112,28.0,-1
3855,55.0,-1
4199,14.0,-1
4228,7.0,-1
4249,4.0,-1
4263,0.0,-1
4259,1.0,-1
4265,0.0,-1
4266,0.0,-1
4267,0.0,-1
4035,40.0,-1
4264,0.0,-1
4268,0.0,-1
3996,42.0,-1
1225,84.0,-1
4099,30.0,-1
4194,0.0,-1
4192,0.0,-1
3935,46.0,-1
3847,56.0,-1
4205,9.0,-1
4253,0.0,-1
3967,43.0,-1
4090,30.0,-1
422,100.0,-1
421,100.0,-1
4201,11.0,-1
3875,51.0,-1
4138,23.0,-1
4251,0.0,-1
3973,41.0,-1
4070,35.0,-1
4245,0.0,-1
4244,0.0,-1
4246,0.0,-1
3998,39.0,-1
423,100.0,-1
4219,5.0,-1
425,100.0,-1
3601,66.0,-1
3993,40.0,-1
3997,39.0,-1
4242,0.0,-1
4243,0.0,-1
4114,23.0,-1
4240,0.0,-1
4033,37.0,-1
4118,20.0,-1
4225,0.0,-1
3999,35.0,-1
4218,0.0,-1
4116,19.0,-1
4212,0.0,-1
541,-2.0,-1
4187,0.0,-1
3969,31.0,-1
3866,43.0,-1
4095,17.0,-1
4158,0.0,-1
4157,0.0,-1
4160,0.0,-1
4161,0.0,-1
4179,0.0,-1
4165,0.0,-1
4156,0.0,-1
4183,0.0,-1
4174,0.0,-1
4154,0.0,-1
4162,0.0,-1
4184,0.0,-1
4170,0.0,-1
4182,0.0,-1
4171,0.0,-1
4177,0.0,-1
4155,0.0,-1
4169,0.0,-1
4168,0.0,-1
4167,0.0,-1
4178,0.0,-1
4175,0.0,-1
4176,0.0,-1
4164,0.0,-1
4166,0.0,-1
4185,0.0,-1
4180,0.0,-1
4159,0.0,-1
4181,0.0,-1
4173,0.0,-1
4172,0.0,-1
4163,0.0,-1
3988,29.0,-1
3961,32.0,-1
3643,56.0,-1
3595,60.0,-1
996,86.0,-1
3953,34.0,-1
3840,49.0,-1
3701,52.0,-1
3591,60.0,-1
3862,44.0,-1
3868,43.0,-1
3650,55.0,-1
3580,62.0,-1
3604,59.0,-1
4079,20.0,-1
4078,20.0,-1
4091,16.0,-1
4072,22.0,-1
4077,20.0,-1
4073,21.0,-1
1266,79.0,-1
1104,83.0,-1
965,86.0,-1
3878,42.0,-1
1438,78.0,-1
1246,80.0,-1
3620,57.0,-1
5221,0.0,-1
5218,0.0,-1
5216,0.0,-1
5215,0.0,-1
5219,0.0,-1
5217,0.0,-1
5212,0.0,-1
5213,0.0,-1
5214,0.0,-1
5207,0.0,-1
5211,0.0,-1
5210,0.0,-1
5208,0.0,-1
5209,0.0,-1
5206,0.0,-1
5205,0.0,-1
4677,20.0,-1
5204,0.0,-1
5203,0.0,-1
5202,0.0,-1
5201,0.0,-1
5200,0.0,-1
5199,0.0,-1
5198,0.0,-1
5197,0.0,-1
5046,0.0,-1
4986,0.0,-1
5102,0.0,-1
5168,0.0,-1
5051,0.0,-1
5067,0.0,-1
5162,0.0,-1
5001,0.0,-1
5098,0.0,-1
5144,0.0,-1
4993,0.0,-1
5141,0.0,-1
5013,0.0,-1
4960,0.0,-1
4972,0.0,-1
5030,0.0,-1
5086,0.0,-1
5174,0.0,-1
5180,0.0,-1
5133,0.0,-1
5109,0.0,-1
4963,0.0,-1
4996,0.0,-1
5114,0.0,-1
5154,0.0,-1
5115,0.0,-1
4965,0.0,-1
4970,0.0,-1
5103,0.0,-1
5029,0.0,-1
5117,0.0,-1
5142,0.0,-1
5023,0.0,-1
5061,0.0,-1
5110,0.0,-1
5081,0.0,-1
5186,0.0,-1
5049,0.0,-1
5104,0.0,-1
4953,0.0,-1
5147,0.0,-1
4946,0.0,0
4949,0.0,0
4945,0.0,0
4942,0.0,0
4944,0.0,0
5140,0.0,-1
5016,0.0,-1
5028,0.0,-1
5151,0.0,-1
5060,0.0,-1
5045,0.0,-1
4961,0.0,-1
5139,0.0,-1
5159,0.0,-1
5195,0.0,-1
5077,0.0,-1
4984,0.0,-1
5187,0.0,-1
4999,0.0,-1
4974,0.0,-1
5039,0.0,-1
5136,0.0,-1
4981,0.0,-1
4977,0.0,-1
5008,0.0,-1
4994,0.0,-1
5101,0.0,-1
5058,0.0,-1
4959,0.0,-1
4976,0.0,-1
5076,0.0,-1
5052,0.0,-1
5055,0.0,-1
4958,0.0,-1
5118,0.0,-1
5173,0.0,-1
4991,0.0,-1
5025,0.0,-1
5152,0.0,-1
5080,0.0,-1
5011,0.0,-1
5123,0.0,-1
5031,0.0,-1
5131,0.0,-1
4997,0.0,-1
5170,0.0,-1
5042,0.0,-1
4987,0.0,-1
5084,0.0,-1
4998,0.0,-1
5070,0.0,-1
5164,0.0,-1
5053,0.0,-1
5048,0.0,-1
5000,0.0,-1
5184,0.0,-1
5069,0.0,-1
5124,0.0,-1
4988,0.0,-1
5026,0.0,-1
4948,0.0,0
5196,0.0,0
4941,0.0,0
4947,0.0,0
4943,0.0,0
5033,0.0,-1
5149,0.0,-1
5130,0.0,-1
5177,0.0,-1
5094,0.0,-1
4973,0.0,-1
5066,0.0,-1
5092,0.0,-1
5065,0.0,-1
5121,0.0,-1
5088,0.0,-1
5138,0.0,-1
5178,0.0,-1
5108,0.0,-1
5158,0.0,-1
5006,0.0,-1
5040,0.0,-1
5064,0.0,-1
5113,0.0,-1
5079,0.0,-1
5018,0.0,-1
5097,0.0,-1
5024,0.0,-1
4989,0.0,-1
5143,0.0,-1
4962,0.0,-1
4951,0.0,-1
5150,0.0,-1
5160,0.0,-1
4954,0.0,-1
5176,0.0,-1
5085,0.0,-1
5096,0.0,-1
5027,0.0,-1
4980,0.0,-1
5009,0.0,-1
5156,0.0,-1
5183,0.0,-1
5100,0.0,-1
5091,0.0,-1
5074,0.0,-1
5090,0.0,-1
5005,0.0,-1
5132,0.0,-1
5054,0.0,-1
5185,0.0,-1
5083,0.0,-1
4990,0.0,-1
5153,0.0,-1
5010,0.0,-1
5057,0.0,-1
5171,0.0,-1
5188,0.0,-1
5017,0.0,-1
5075,0.0,-1
4966,0.0,-1
5106,0.0,-1
5022,0.0,-1
5169,0.0,-1
4964,0.0,-1
5161,0.0,-1
5059,0.0,-1
5078,0.0,-1
5014,0.0,-1
5068,0.0,-1
5165,0.0,-1
5003,0.0,-1
5194,0.0,-1
5021,0.0,-1
5034,0.0,-1
5007,0.0,-1
5134,0.0,-1
5129,0.0,-1
5041,0.0,-1
5182,0.0,-1
5125,0.0,-1
5020,0.0,-1
5181,0.0,-1
5062,0.0,-1
4957,0.0,-1
4978,0.0,-1
4956,0.0,-1
4982,0.0,-1
5172,0.0,-1
4985,0.0,-1
5035,0.0,-1
4967,0.0,-1
5163,0.0,-1
5063,0.0,-1
4969,0.0,-1
5157,0.0,-1
5004,0.0,-1
5082,0.0,-1
4983,0.0,-1
4950,0.0,-1
4995,0.0,-1
5192,0.0,-1
5120,0.0,-1
5072,0.0,-1
5089,0.0,-1
5146,0.0,-1
4968,0.0,-1
5050,0.0,-1
5019,0.0,-1
5112,0.0,-1
5167,0.0,-1
5145,0.0,-1
5036,0.0,-1
5122,0.0,-1
5137,0.0,-1
5191,0.0,-1
5135,0.0,-1
5047,0.0,-1
5032,0.0,-1
5044,0.0,-1
4952,0.0,-1
4979,0.0,-1
5093,0.0,-1
4992,0.0,-1
4975,0.0,-1
5128,0.0,-1
5015,0.0,-1
5127,0.0,-1
5189,0.0,-1
5126,0.0,-1
5116,0.0,-1
5002,0.0,-1
4955,0.0,-1
5166,0.0,-1
5012,0.0,-1
5111,0.0,-1
5038,0.0,-1
5037,0.0,-1
5099,0.0,-1
5193,0.0,-1
5087,0.0,-1
5043,0.0,-1
5155,0.0,-1
5095,0.0,-1
5190,0.0,-1
5073,0.0,-1
4971,0.0,-1
5119,0.0,-1
5071,0.0,-1
5179,0.0,-1
5056,0.0,-1
5105,0.0,-1
5148,0.0,-1
5175,0.0,-1
5107,0.0,-1
4930,0.0,-1
4925,0.0,-1
4929,0.0,-1
4927,0.0,-1
4926,0.0,-1
4928,0.0,-1
4924,0.0,0
4923,0.0,-1
4920,0.0,-1
4921,0.0,-1
4919,0.0,-1
4922,0.0,-1
4936,0.0,0
4938,0.0,0
4940,0.0,0
4937,0.0,0
4939,0.0,0
4935,0.0,-1
4933,0.0,-1
4934,0.0,-1
4932,0.0,-1
4931,0.0,-1
4766,1.0,-1
4805,0.0,-1
4854,0.0,-1
4822,0.0,-1
4876,0.0,-1
4847,0.0,-1
4803,0.0,-1
4883,0.0,-1
4811,0.0,-1
4914,0.0,-1
4862,0.0,-1
4785,0.0,-1
4911,0.0,-1
4906,0.0,-1
4794,0.0,-1
4915,0.0,-1
4881,0.0,-1
4764,1.0,-1
4792,0.0,-1
4875,0.0,-1
4767,1.0,-1
4899,0.0,-1
4830,0.0,-1
4775,0.0,0
4789,0.0,0
4840,0.0,0
4898,0.0,-1
4900,0.0,-1
4907,0.0,-1
4901,0.0,-1
4885,0.0,-1
4867,0.0,-1
4816,0.0,-1
4826,0.0,-1
4853,0.0,-1
4838,0.0,-1
4827,0.0,-1
4825,0.0,-1
4784,0.0,-1
4855,0.0,-1
4886,0.0,-1
4815,0.0,-1
4888,0.0,-1
4797,0.0,-1
4755,2.0,-1
4828,0.0,-1
4835,0.0,-1
4768,0.0,-1
4831,0.0,-1
4861,0.0,-1
4769,0.0,-1
4836,0.0,-1
4817,0.0,-1
4832,0.0,-1
4864,0.0,-1
4795,0.0,-1
4865,0.0,-1
4891,0.0,-1
4917,0.0,-1
4809,0.0,0
4787,0.0,0
4843,0.0,0
4765,1.0,-1
4903,0.0,-1
4894,0.0,-1
4916,0.0,-1
4909,0.0,-1
4912,0.0,-1
4793,0.0,-1
4871,0.0,-1
4870,0.0,-1
4887,0.0,-1
4824,0.0,-1
4877,0.0,-1
4850,0.0,-1
4880,0.0,-1
4872,0.0,-1
4874,0.0,-1
4863,0.0,-1
4918,0.0,-1
4802,0.0,-1
4790,0.0,-1
4841,0.0,-1
4860,0.0,-1
4821,0.0,-1
4796,0.0,-1
4859,0.0,-1
4791,0.0,-1
4878,0.0,-1
4848,0.0,-1
4814,0.0,-1
4781,0.0,-1
4851,0.0,-1
4833,0.0,-1
4783,0.0,-1
4852,0.0,-1
4895,0.0,-1
4873,0.0,-1
4823,0.0,-1
4842,0.0,-1
4892,0.0,-1
4893,0.0,-1
4812,0.0,-1
4902,0.0,-1
4763,1.0,-1
4856,0.0,-1
4846,0.0,-1
4820,0.0,-1
4882,0.0,-1
4913,0.0,-1
4806,0.0,-1
4879,0.0,-1
4798,0.0,-1
4776,0.0,-1
4780,0.0,-1
4866,0.0,-1
4910,0.0,-1
4896,0.0,-1
4808,0.0,-1
4834,0.0,-1
4786,0.0,-1
4905,0.0,-1
4868,0.0,-1
4800,0.0,-1
4799,0.0,-1
4782,0.0,-1
4857,0.0,-1
4807,0.0,-1
4813,0.0,-1
4810,0.0,-1
4819,0.0,-1
4818,0.0,-1
4908,0.0,-1
4839,0.0,-1
4788,0.0,-1
4858,0.0,-1
4801,0.0,-1
4829,0.0,-1
4844,0.0,-1
4889,0.0,-1
4777,0.0,-1
4890,0.0,-1
4897,0.0,-1
4778,0.0,-1
4804,0.0,-1
4845,0.0,-1
4837,0.0,-1
4884,0.0,-1
4904,0.0,-1
4779,0.0,-1
4869,0.0,-1
4849,0.0,-1
3638,47.0,0
4093,0.0,0
4094,0.0,0
4092,0.0,0
3634,48.0,0
4067,9.0,0
3683,44.0,0
3843,37.0,0
4084,0.0,0
4089,0.0,0
4088,0.0,0
3645,46.0,0
4087,0.0,-1
4086,0.0,-1
3805,50.0,-1
4143,0.0,-1
4128,0.0,-1
4136,0.0,-1
4132,0.0,-1
4135,0.0,-1
4131,0.0,-1
4137,0.0,-1
4133,0.0,-1
4130,0.0,-1
4134,0.0,-1
4127,0.0,-1
4129,0.0,-1
3553,59.0,0
3589,56.0,0
3972,24.0,0
4097,7.0,0
4101,5.0,0
3513,62.0,0
4106,3.0,0
4120,0.0,0
4124,0.0,0
4103,5.0,0
4110,3.0,0
4113,1.0,0
1491,75.0,0
4125,0.0,0
4123,0.0,0
4121,0.0,0
4122,0.0,0
4119,0.0,0
3636,52.0,0
3737,47.0,0
3618,50.0,0
3841,40.0,0
3842,40.0,0
3646,48.0,0
3691,45.0,0
3699,44.0,0
3621,50.0,0
4034,13.0,0
3968,20.0,0
4074,8.0,0
4036,13.0,0
3864,34.0,0
3956,22.0,0
4031,15.0,0
3974,18.0,0
3717,43.0,0
3844,39.0,0
3457,63.0,0
3895,21.0,0
3957,13.0,0
3615,45.0,0
3528,54.0,0
3623,43.0,0
3452,63.0,0
3955,14.0,0
3924,18.0,0
3509,56.0,0
3483,60.0,0
4066,0.0,0
3434,64.0,0
3626,42.0,0
3696,37.0,0
3989,5.0,0
3588,47.0,0
3627,42.0,0
4754,0.0,-1
4751,0.0,-1
4753,0.0,-1
4752,0.0,-1
4748,0.0,-1
4750,0.0,-1
4749,0.0,-1
4773,0.0,0
4774,0.0,0
4772,0.0,0
4771,0.0,0
4770,0.0,0
4761,0.0,-1
4762,0.0,-1
4760,0.0,0
4759,0.0,0
4757,0.0,-1
4758,0.0,-1
4756,0.0,-1
4745,0.0,0
4746,0.0,0
4747,0.0,0
4733,0.0,-1
4734,0.0,-1
4735,0.0,-1
4736,0.0,-1
4732,0.0,-1
4743,0.0,-1
4744,0.0,-1
4738,0.0,-1
4739,0.0,-1
4740,0.0,-1
4741,0.0,-1
4742,0.0,-1
4737,0.0,0
4727,0.0,-1
4695,0.0,-1
4730,0.0,-1
4694,0.0,-1
4703,0.0,-1
4704,0.0,-1
4716,0.0,-1
4700,0.0,-1
4687,0.0,-1
4729,0.0,-1
4680,0.0,0
4697,0.0,-1
4693,0.0,-1
4728,0.0,-1
4690,0.0,-1
4717,0.0,-1
4723,0.0,-1
4720,0.0,-1
4706,0.0,-1
4686,0.0,-1
4722,0.0,-1
4683,0.0,-1
4681,0.0,0
4712,0.0,-1
4679,0.0,-1
4691,0.0,-1
4721,0.0,-1
4719,0.0,-1
4682,0.0,-1
4701,0.0,-1
4713,0.0,-1
4709,0.0,-1
4702,0.0,-1
4705,0.0,-1
4707,0.0,-1
4731,0.0,-1
4692,0.0,-1
4725,0.0,-1
4708,0.0,-1
4698,0.0,-1
4718,0.0,-1
4684,0.0,-1
4714,0.0,-1
4688,0.0,-1
4726,0.0,-1
4711,0.0,-1
4699,0.0,-1
4710,0.0,-1
4696,0.0,-1
4689,0.0,-1
4724,0.0,-1
4685,0.0,-1
4715,0.0,-1
4666,0.0,-1
4665,0.0,-1
4664,0.0,-1
4663,0.0,-1
4662,0.0,-1
4661,0.0,-1
4657,0.0,-1
4660,0.0,-1
4659,0.0,-1
4656,0.0,-1
4658,0.0,-1
4678,0.0,0
4676,0.0,0
4673,0.0,0
4675,0.0,0
4674,0.0,0
4672,0.0,0
4671,0.0,-1
4668,0.0,-1
4670,0.0,-1
4669,0.0,-1
4667,0.0,0
4654,0.0,0
4650,0.0,-1
4649,0.0,-1
4648,0.0,0
4652,0.0,0
4653,0.0,0
4651,0.0,-1
5554,0.0,-1
5558,0.0,-1
5555,0.0,-1
5556,0.0,-1
5557,0.0,-1
4633,0.0,-1
4632,0.0,-1
4631,1.0,0
4630,0.0,-1
4629,0.0,-1
4642,0.0,-1
4645,0.0,-1
4644,0.0,-1
4643,0.0,-1
4638,0.0,-1
4637,0.0,-1
4640,0.0,-1
4641,0.0,-1
4639,0.0,-1
4636,0.0,0
4628,0.0,-1
4626,0.0,-1
4627,0.0,-1
4625,0.0,0
4635,0.0,-1
4634,0.0,-1
5551,3.0,-1
5552,0.0,-1
5553,0.0,-1
4624,0.0,-1
920,50.0,0
1391,12.0,0
1779,0.0,0
1789,0.0,0
1781,0.0,0
1445,9.0,0
146,100.0,2
1482,7.0,0
1168,24.0,0
110,100.0,2
121,100.0,2
138,100.0,2
1780,0.0,0
136,100.0,2
119,100.0,2
132,100.0,2
127,100.0,2
1788,0.0,0
1332,15.0,0
1383,12.0,0
145,100.0,2
141,100.0,2
1783,0.0,0
1785,0.0,0
1786,0.0,0
1775,0.0,0
1101,31.0,0
147,100.0,2
120,100.0,2
1565,5.0,0
1776,0.0,0
1777,0.0,0
1784,0.0,0
1684,1.0,0
1192,23.0,0
552,-2.0,-2
143,100.0,2
1778,0.0,0
1782,0.0,0
1509,7.0,0
1000,41.0,0
1787,0.0,0
750,69.0,-1
778,66.0,-1
857,57.0,-1
1215,20.0,-1
1010,41.0,-1
813,62.0,-1
1041,37.0,-1
22,100.0,-1
759,68.0,-1
937,47.0,-1
819,61.0,-1
1206,21.0,-1
970,44.0,-1
1118,29.0,-1
1340,14.0,-1
25,100.0,-1
1027,40.0,-1
587,97.0,-1
1221,20.0,-1
1566,4.0,-1
805,63.0,-1
754,68.0,-1
1622,2.0,-1
611,92.0,-1
1760,0.0,-1
1751,0.0,-1
1489,7.0,-1
1757,0.0,-1
1675,1.0,-1
1547,5.0,-1
1754,0.0,-1
1750,0.0,-1
1749,0.0,-1
1752,0.0,-1
954,47.0,-1
1759,0.0,-1
1753,0.0,-1
1755,0.0,-1
1756,0.0,-1
1758,0.0,-1
1103,31.0,-1
1092,32.0,-1
1135,27.0,-1
24,100.0,-1
23,100.0,-1
1148,25.0,0
105,100.0,2
547,-2.0,-2
602,93.0,1
570,-2.0,-2
583,98.0,2
1423,9.0,0
644,85.0,1
91,100.0,2
706,75.0,0
675,80.0,0
845,57.0,0
71,100.0,2
894,52.0,0
1559,3.0,0
827,59.0,0
572,-2.0,-2
752,68.0,0
1637,0.0,0
1629,0.0,0
1019,39.0,0
1002,40.0,0
1581,2.0,0
1130,26.0,0
1634,0.0,0
1558,3.0,0
1639,0.0,0
1640,0.0,0
1630,0.0,0
1635,0.0,0
1344,12.0,0
1638,0.0,0
1636,0.0,0
1631,0.0,0
1632,0.0,0
1633,0.0,0
863,55.0,0
600,94.0,1
746,69.0,0
1053,35.0,0
106,100.0,2
4622,1.0,-1
4623,0.0,-1
4621,0.0,-1
5550,0.0,-1
5539,0.0,-1
5540,0.0,-1
5538,0.0,-1
5541,0.0,-1
5537,0.0,-1
5513,5.0,-1
5511,8.0,-1
5446,41.0,-1
5425,53.0,-1
5398,62.0,-1
5357,65.0,-1
5419,58.0,-1
5420,57.0,-1
5433,49.0,-1
5431,50.0,-1
5444,42.0,-1
5445,42.0,-1
5504,15.0,-1
5462,33.0,-1
5488,25.0,-1
5503,15.0,-1
5509,10.0,-1
5512,6.0,-1
5514,3.0,-1
5518,1.0,-1
5527,0.0,-1
5534,0.0,-1
5522,0.0,-1
5492,20.0,-1
5528,0.0,-1
5535,0.0,-1
5523,0.0,-1
5532,0.0,-1
5519,0.0,-1
5525,0.0,-1
5533,0.0,-1
5526,0.0,-1
5531,0.0,-1
5521,0.0,-1
5482,26.0,-1
5529,0.0,-1
5520,0.0,-1
5536,0.0,-1
5524,0.0,-1
5530,0.0,-1
5481,28.0,-1
5476,30.0,-1
5477,28.0,-1
5457,37.0,-1
5450,39.0,-1
1582,0.0,-1
1335,8.0,-1
1105,25.0,-1
388,100.0,-1
708,74.0,-1
633,87.0,-1
412,100.0,-1
686,77.0,-1
604,93.0,-1
588,97.0,-1
1031,34.0,-1
691,77.0,-1
1188,17.0,-1
406,100.0,-1
891,49.0,-1
803,60.0,-1
961,41.0,-1
1187,17.0,-1
922,45.0,-1
1371,6.0,-1
1495,0.0,-1
1079,28.0,-1
1500,0.0,-1
1499,0.0,-1
1501,0.0,-1
1496,0.0,-1
1497,0.0,-1
1503,0.0,-1
1498,0.0,-1
1506,0.0,-1
1063,30.0,-1
1505,0.0,-1
1504,0.0,-1
1502,0.0,-1
1494,0.0,-1
844,55.0,-1
371,100.0,-1
598,94.0,-1
4618,2.0,0
5516,0.0,-1
5515,0.0,-1
5517,0.0,-1
351,100.0,-1
736,68.0,-1
749,66.0,-1
739,67.0,-1
726,70.0,-1
1164,18.0,-1
1045,32.0,-1
1359,6.0,-1
326,100.0,-1
590,96.0,-1
1209,14.0,-1
1030,34.0,-1
785,62.0,-1
1330,7.0,-1
1141,20.0,-1
369,100.0,-1
342,100.0,-1
959,41.0,-1
1459,0.0,-1
1461,0.0,-1
1088,26.0,-1
941,42.0,-1
680,77.0,-1
1357,6.0,-1
1463,0.0,-1
1429,2.0,-1
884,50.0,-1
1464,0.0,-1
1458,0.0,-1
1281,8.0,-1
1431,2.0,-1
1462,0.0,-1
1460,0.0,-1
1394,3.0,-1
1203,15.0,-1
921,45.0,-1
842,55.0,-1
1349,6.0,-1
1017,34.0,0
982,37.0,0
742,66.0,0
721,71.0,0
58,100.0,2
801,60.0,0
799,60.0,0
725,71.0,0
839,54.0,0
807,58.0,0
695,76.0,0
722,71.0,0
678,78.0,0
1115,22.0,0
1144,19.0,0
1057,29.0,0
1055,29.0,0
1040,31.0,0
1172,16.0,0
1230,11.0,0
589,96.0,2
1245,10.0,0
1163,17.0,0
1042,31.0,0
1056,29.0,0
1179,16.0,0
1186,15.0,0
1228,11.0,0
1197,14.0,0
1158,18.0,0
585,97.0,2
767,63.0,0
1160,18.0,0
1422,2.0,0
1442,0.0,0
581,99.0,2
606,92.0,1
608,92.0,1
745,66.0,0
1360,2.0,-1
1408,0.0,-1
1356,3.0,-1
1238,8.0,-1
1301,4.0,-1
1379,1.0,-1
1402,0.0,-1
1404,0.0,-1
1222,10.0,-1
1358,2.0,-1
1124,20.0,-1
1328,4.0,-1
1417,0.0,-1
1399,0.0,-1
1401,0.0,-1
1241,8.0,-1
1338,3.0,-1
1270,5.0,-1
1375,1.0,-1
1388,0.0,-1
1395,0.0,-1
1376,1.0,-1
1406,0.0,-1
1403,0.0,-1
1410,0.0,-1
1411,0.0,-1
1412,0.0,-1
1409,0.0,-1
1407,0.0,-1
1413,0.0,-1
1405,0.0,-1
1398,0.0,-1
1415,0.0,-1
1416,0.0,-1
1414,0.0,-1
1397,0.0,-1
1400,0.0,-1
1337,4.0,-1
1331,4.0,-1
1365,2.0,-1
1377,1.0,-1
4617,1.0,0
5510,0.0,-1
114,100.0,-1
155,100.0,-1
153,100.0,-1
148,100.0,-1
109,100.0,-1
112,100.0,-1
129,100.0,-1
131,100.0,-1
659,79.0,-1
94,100.0,-1
150,100.0,-1
107,100.0,-1
130,100.0,-1
115,100.0,-1
134,100.0,-1
1294,0.0,-1
1202,8.0,-1
104,100.0,-1
1296,0.0,-1
1298,0.0,-1
1293,0.0,-1
137,100.0,-1
1114,17.0,-1
1290,0.0,-1
125,100.0,-1
1297,0.0,-1
1300,0.0,-1
1292,0.0,-1
1291,0.0,-1
1287,0.0,-1
1288,0.0,-1
149,100.0,-1
1289,0.0,-1
1295,0.0,-1
1299,0.0,-1
1286,0.0,-1
157,100.0,-1
140,100.0,-1
123,100.0,-1
103,100.0,-1
88,100.0,-1
4386,66.0,-1
4603,16.0,-1
4554,62.0,-1
3893,0.0,0
3883,0.0,0
3884,0.0,0
3461,52.0,0
3444,53.0,0
3440,54.0,0
3870,2.0,0
3651,23.0,0
463,100.0,-1
3877,0.0,-1
3876,0.0,-1
3873,0.0,0
3871,0.0,0
3673,18.0,-1
3863,0.0,-1
3859,0.0,0
3860,0.0,0
3858,0.0,0
3854,0.0,-1
3520,36.0,0
3462,47.0,0
3697,12.0,-1
3548,32.0,0
1089,69.0,0
3850,0.0,-1
762,85.0,1
4064,0.0,-1
4050,0.0,-1
4045,0.0,-1
3879,22.0,-1
4041,0.0,-1
4054,0.0,-1
4047,0.0,-1
4058,0.0,-1
4049,0.0,-1
4042,0.0,-1
436,100.0,-1
4046,0.0,-1
4056,0.0,-1
4053,0.0,-1
4061,0.0,-1
4043,0.0,-1
434,100.0,-1
4065,0.0,-1
4059,0.0,-1
4055,0.0,-1
4063,0.0,-1
4038,0.0,-1
435,100.0,-1
3906,18.0,-1
3960,10.0,-1
4062,0.0,-1
4060,0.0,-1
4039,0.0,-1
4057,0.0,-1
4044,0.0,-1
4052,0.0,-1
4040,0.0,-1
4048,0.0,-1
4051,0.0,-1
4008,0.0,-1
4018,0.0,-1
4001,0.0,-1
4022,0.0,-1
4028,0.0,-1
3990,2.0,-1
3527,51.0,-1
4003,0.0,-1
4014,0.0,-1
4029,0.0,-1
4004,0.0,-1
4023,0.0,-1
4010,0.0,-1
3937,11.0,-1
437,100.0,-1
4019,0.0,-1
4016,0.0,-1
4002,0.0,-1
4013,0.0,-1
4025,0.0,-1
4024,0.0,-1
4012,0.0,-1
3887,18.0,-1
443,100.0,-1
4027,0.0,-1
4017,0.0,-1
4011,0.0,-1
4026,0.0,-1
4015,0.0,-1
4009,0.0,-1
3900,17.0,-1
438,100.0,-1
4005,0.0,-1
4007,0.0,-1
4020,0.0,-1
4000,0.0,-1
3970,5.0,-1
4006,0.0,-1
4021,0.0,-1
3849,25.0,0
3994,0.0,0
3975,0.0,-1
3437,62.0,-1
551,-2.0,-1
453,100.0,-1
451,100.0,-1
452,100.0,-1
789,88.0,-1
3795,31.0,-1
3738,31.0,-1
559,-2.0,-1
444,100.0,-1
450,100.0,-1
3616,40.0,-1
1029,79.0,-1
592,99.0,-1
3845,26.0,-1
459,100.0,-1
3837,28.0,-1
3477,57.0,-1
3836,28.0,-1
3925,11.0,-1
3688,34.0,-1
3762,31.0,-1
3982,0.0,-1
3978,0.0,-1
3959,5.0,-1
3984,0.0,-1
3980,0.0,-1
3979,0.0,-1
3976,0.0,-1
3987,0.0,-1
3985,0.0,-1
3480,57.0,-1
3986,0.0,-1
3977,0.0,-1
3981,0.0,-1
3983,0.0,-1
3426,63.0,-1
546,-2.0,-1
3600,43.0,-1
1178,73.0,-1
462,100.0,-1
3625,18.0,0
1067,69.0,0
3497,53.0,0
3583,43.0,0
3966,0.0,0
3965,0.0,0
3963,0.0,0
3964,0.0,0
3692,29.0,0
612,97.0,2
1150,72.0,0
1251,69.0,0
1473,65.0,0
580,100.0,2
806,86.0,1
855,84.0,1
958,80.0,0
3446,58.0,0
627,96.0,2
3637,33.0,0
3835,23.0,0
3642,32.0,0
3865,13.0,0
3892,8.0,0
3846,20.0,0
1471,65.0,0
3581,41.0,0
3687,29.0,0
3632,33.0,0
883,83.0,1
1054,76.0,0
1146,72.0,0
1090,74.0,0
3929,3.0,0
564,-2.0,-2
571,-2.0,-2
715,90.0,1
3880,10.0,0
3908,6.0,0
3889,8.0,0
934,80.0,0
3471,54.0,0
3949,0.0,0
3938,0.0,0
3930,2.0,0
3940,0.0,0
3507,50.0,0
3931,2.0,0
3936,1.0,0
3926,3.0,0
3927,3.0,0
3933,1.0,0
3932,2.0,0
3944,0.0,0
3939,0.0,0
3946,0.0,0
3943,0.0,0
3942,0.0,0
3950,0.0,0
3856,15.0,0
3941,0.0,0
3945,0.0,0
3948,0.0,0
3947,0.0,0
3951,0.0,0
3891,8.0,0
3838,22.0,0
3587,39.0,0
798,86.0,1
723,90.0,1
3852,14.0,0
3436,58.0,0
3464,54.0,0
1534,63.0,0
3861,12.0,0
3614,34.0,0
1535,63.0,0
3418,59.0,0
3502,48.0,0
3582,38.0,0
3700,23.0,0
3559,39.0,0
3493,49.0,0
3482,51.0,0
3685,26.0,0
3882,6.0,0
3885,5.0,0
3872,8.0,0
3414,60.0,0
3902,3.0,0
3917,0.0,0
3920,0.0,0
3890,4.0,0
3904,2.0,0
3909,1.0,0
3922,0.0,0
999,77.0,0
3919,0.0,0
3918,0.0,0
3923,0.0,0
3921,0.0,0
3912,0.0,0
3916,0.0,0
3913,0.0,0
3914,0.0,0
3451,55.0,0
3915,0.0,0
3433,57.0,0
3470,53.0,0
3910,0.0,-1
671,92.0,1
1059,74.0,0
629,95.0,2
3695,23.0,0
3649,28.0,0
3690,24.0,0
3525,43.0,0
614,97.0,2
618,96.0,2
555,-2.0,-2
628,95.0,2
560,-2.0,-2
21,100.0,2
566,-2.0,-2
562,-2.0,-2
557,-2.0,-2
20,100.0,2
3629,29.0,0
6,100.0,2
569,-2.0,-2
18,100.0,2
3,100.0,2
561,-2.0,-2
543,-2.0,-2
969,78.0,0
1345,66.0,0
1348,66.0,0
1346,66.0,0
3473,52.0,0
1336,66.0,0
1138,71.0,0
1347,66.0,0
3441,56.0,0
3544,40.0,0
1048,75.0,0
1049,75.0,0
3545,40.0,0
3593,35.0,0
3546,40.0,0
3543,40.0,0
3521,44.0,0
3496,48.0,0
1763,60.0,0
550,-2.0,-2
16,100.0,2
699,91.0,1
3901,0.0,0
3898,0.0,-1
3848,12.0,-1
3896,0.0,-1
3897,0.0,-1
3833,2.0,0
3839,1.0,0
544,-2.0,-2
354,100.0,2
3427,49.0,0
3428,49.0,0
3834,0.0,0
3832,0.0,0
3822,0.0,-1
3639,12.0,-1
1717,51.0,-1
1711,51.0,-1
3350,50.0,-1
3348,50.0,-1
3468,41.0,-1
1680,51.0,-1
3352,50.0,-1
3351,50.0,-1
3606,17.0,-1
3806,0.0,-1
3554,25.0,-1
3346,50.0,-1
3631,13.0,-1
3815,0.0,-1
3816,0.0,-1
3826,0.0,-1
3830,0.0,-1
3652,10.0,-1
3684,7.0,-1
3551,26.0,-1
3825,0.0,-1
3813,0.0,-1
3820,0.0,-1
3821,0.0,-1
3814,0.0,-1
3819,0.0,-1
3817,0.0,-1
3829,0.0,-1
3831,0.0,-1
3656,9.0,-1
3828,0.0,-1
3827,0.0,-1
3823,0.0,-1
3824,0.0,-1
3818,0.0,-1
3633,12.0,-1
3603,17.0,-1
3658,9.0,-1
3537,27.0,-1
3698,4.0,-1
5508,0.0,-1
5507,0.0,-1
5505,0.0,-1
5506,0.0,-1
4340,68.0,-1
4614,0.0,-1
4613,0.0,-1
4616,0.0,-1
4615,0.0,-1
4553,60.0,-1
4552,63.0,-1
5502,0.0,-1
5499,0.0,-1
5500,0.0,-1
5501,0.0,-1
5498,0.0,-1
5496,0.0,-1
5497,0.0,-1
5495,0.0,-1
5493,0.0,-1
5494,0.0,-1
4608,4.0,0
4610,0.0,0
4612,0.0,0
4611,0.0,0
4609,1.0,0
4256,73.0,-1
5491,0.0,-1
5490,0.0,-1
5489,0.0,-1
28,100.0,2
1065,10.0,-1
1134,0.0,-1
841,43.0,-1
4606,0.0,0
4556,51.0,0
4565,40.0,0
4604,0.0,0
4602,3.0,0
4605,4.0,0
4607,0.0,0
5483,0.0,-1
5486,0.0,-1
5485,0.0,-1
5487,0.0,-1
5484,0.0,-1
5478,0.0,-1
5480,0.0,-1
5479,0.0,-1
707,65.0,0
626,83.0,1
1100,0.0,-1
748,55.0,0
632,82.0,1
655,74.0,0
682,69.0,0
640,79.0,0
657,74.0,0
658,74.0,0
692,67.0,0
5548,0.0,-1
5549,0.0,-1
5547,0.0,-1
5546,2.0,-1
5474,0.0,-1
5472,0.0,-1
5473,0.0,-1
5475,0.0,-1
5470,0.0,-1
5469,0.0,-1
5468,0.0,-1
5471,0.0,-1
5467,0.0,-1
5466,0.0,-1
5465,0.0,-1
5464,0.0,-1
5463,0.0,-1
615,87.0,1
646,77.0,0
690,68.0,0
811,43.0,0
729,58.0,0
635,81.0,1
651,74.0,-1
737,55.0,-1
788,47.0,-1
1070,0.0,-1
712,98.0,-1
5459,1.0,-1
5461,0.0,-1
5460,0.0,-1
5458,0.0,-1
5455,0.0,0
5454,0.0,0
5453,0.0,0
5456,0.0,0
5452,0.0,-1
1023,0.0,-1
1009,0.0,-1
995,1.0,-1
1008,0.0,-1
1007,0.0,-1
4601,4.0,0
4600,0.0,-1
4599,0.0,-1
4598,0.0,-1
5451,0.0,-1
5449,0.0,0
5448,0.0,0
5447,0.0,0
10,100.0,-1
973,0.0,-1
4589,2.0,0
4597,0.0,0
4578,10.0,-1
4577,10.0,-1
4590,3.0,-1
4596,0.0,-1
4555,42.0,0
4561,35.0,0
4562,32.0,-1
4563,32.0,-1
4564,32.0,-1
4594,0.0,-1
4595,0.0,-1
4593,0.0,-1
4592,0.0,-1
4591,0.0,-1
4576,7.0,0
5443,0.0,-1
5442,0.0,0
5438,0.0,-1
5439,0.0,-1
5440,0.0,-1
5441,0.0,-1
5437,0.0,-1
5436,0.0,-1
5435,0.0,-1
650,70.0,0
744,42.0,0
854,19.0,0
594,91.0,1
4571,10.0,-1
4334,54.0,0
4585,0.0,-1
4587,0.0,-1
4588,0.0,-1
4586,0.0,-1
4583,0.0,-1
4584,0.0,-1
4582,0.0,0
4580,1.0,0
4581,0.0,0
4579,0.0,0
5434,0.0,-1
5432,0.0,-1
5430,0.0,0
4573,0.0,-1
4572,0.0,0
4570,0.0,0
4575,1.0,0
4574,0.0,-1
5429,0.0,0
5427,0.0,0
5428,0.0,0
5426,0.0,0
5424,0.0,0
5422,0.0,0
5423,0.0,0
843,8.0,0
582,96.0,2
868,0.0,-1
7,100.0,-1
4567,0.0,-1
4569,0.0,-1
4566,0.0,-1
4568,0.0,-1
3488,9.0,0
296,100.0,2
3519,0.0,0
3518,0.0,0
3517,0.0,0
567,-2.0,-2
1223,43.0,0
3515,0.0,0
3514,0.0,0
548,-2.0,-1
558,-2.0,-1
3503,0.0,-1
3505,0.0,-1
3506,0.0,-1
3504,0.0,-1
1562,28.0,-1
1137,45.0,-1
3501,0.0,-1
3494,2.0,-1
3443,16.0,-1
3416,23.0,-1
3486,4.0,0
3495,0.0,-1
3492,0.0,-1
786,73.0,0
616,93.0,-1
697,82.0,-1
829,69.0,-1
840,68.0,-1
896,63.0,-1
850,67.0,-1
610,94.0,-1
667,85.0,-1
669,85.0,-1
630,91.0,-1
605,95.0,-1
858,66.0,-1
634,90.0,-1
3412,21.0,-1
1421,31.0,-1
1611,25.0,-1
1705,23.0,-1
1384,32.0,-1
3445,13.0,-1
3455,11.0,-1
1768,22.0,-1
3421,19.0,-1
1214,38.0,-1
905,63.0,-1
1205,39.0,-1
1524,27.0,-1
1387,31.0,-1
3420,19.0,-1
3424,18.0,-1
1254,36.0,-1
900,63.0,-1
901,63.0,-1
964,58.0,-1
893,63.0,-1
724,79.0,-1
902,63.0,-1
904,63.0,-1
903,63.0,-1
3438,15.0,-1
1212,39.0,-1
783,73.0,-1
648,88.0,-1
825,69.0,-1
666,85.0,-1
810,71.0,-1
3490,0.0,0
3485,0.0,-1
576,-2.0,-2
27,100.0,-1
1518,25.0,-1
1772,19.0,-1
30,100.0,-1
3481,0.0,-1
688,83.0,-1
578,100.0,2
677,83.0,1
3459,0.0,0
3807,0.0,-1
3808,0.0,-1
3810,0.0,-1
464,100.0,-1
3809,0.0,-1
3811,0.0,-1
3812,0.0,-1
3630,11.0,-1
3510,31.0,-1
3689,4.0,-1
923,74.0,-1
1076,66.0,-1
3590,19.0,-1
3624,12.0,-1
3686,5.0,-1
471,100.0,-1
468,100.0,-1
906,76.0,-1
3602,16.0,-1
1022,70.0,-1
3644,9.0,-1
3605,15.0,-1
3659,7.0,-1
545,-2.0,-1
465,100.0,-1
3453,42.0,-1
3802,0.0,-1
3799,0.0,-1
1480,53.0,-1
3796,0.0,-1
3460,41.0,-1
1091,66.0,-1
3800,0.0,-1
3703,2.0,-1
3797,0.0,-1
3456,42.0,-1
3803,0.0,-1
3500,34.0,-1
3798,0.0,-1
3801,0.0,-1
3804,0.0,-1
3419,48.0,-1
3415,48.0,-1
3498,34.0,-1
3777,0.0,0
3769,0.0,0
3767,0.0,0
3788,0.0,0
3779,0.0,0
3775,0.0,0
3764,0.0,0
3776,0.0,0
3787,0.0,0
3765,0.0,0
3423,47.0,0
220,100.0,2
3780,0.0,0
489,100.0,2
3790,0.0,0
3771,0.0,0
3773,0.0,0
3791,0.0,0
3635,10.0,0
540,-2.0,-2
3660,6.0,0
3784,0.0,0
3794,0.0,0
3786,0.0,0
3781,0.0,0
3448,43.0,0
340,100.0,2
344,100.0,2
3792,0.0,0
3782,0.0,0
3766,0.0,0
3772,0.0,0
3783,0.0,0
3774,0.0,0
1173,62.0,0
3768,0.0,0
3789,0.0,0
3770,0.0,0
3793,0.0,0
3763,0.0,0
3785,0.0,0
3778,0.0,0
3741,0.0,-1
3746,0.0,-1
3622,11.0,-1
3745,0.0,-1
3739,0.0,-1
3748,0.0,-1
3716,0.0,-1
3467,40.0,-1
3465,40.0,-1
3751,0.0,-1
3754,0.0,-1
3747,0.0,-1
3749,0.0,-1
3744,0.0,-1
3641,9.0,-1
487,100.0,-1
3609,14.0,-1
3693,2.0,-1
3756,0.0,-1
3758,0.0,-1
3755,0.0,-1
3750,0.0,-1
3619,12.0,-1
490,100.0,-1
3476,38.0,-1
3753,0.0,-1
3742,0.0,-1
3598,17.0,-1
485,100.0,-1
3654,7.0,-1
3752,0.0,-1
3761,0.0,-1
3759,0.0,-1
3585,19.0,-1
3743,0.0,-1
3757,0.0,-1
3740,0.0,-1
3760,0.0,-1
3702,1.0,-1
908,75.0,-1
967,72.0,-1
705,88.0,-1
809,81.0,-1
983,71.0,-1
497,100.0,-1
831,79.0,-1
517,100.0,-1
492,100.0,-1
3524,28.0,-1
3617,13.0,-1
3489,35.0,-1
1189,61.0,-1
522,100.0,-1
3432,45.0,-1
512,100.0,-1
866,77.0,-1
3726,0.0,-1
3733,0.0,-1
3730,0.0,-1
3736,0.0,-1
3431,45.0,-1
3721,0.0,-1
1481,53.0,-1
3719,0.0,-1
3729,0.0,-1
3722,0.0,-1
3718,0.0,-1
3724,0.0,-1
3728,0.0,-1
3732,0.0,-1
3734,0.0,-1
3725,0.0,-1
3735,0.0,-1
502,100.0,-1
3720,0.0,-1
3723,0.0,-1
3727,0.0,-1
3731,0.0,-1
800,82.0,-1
3450,42.0,-1
808,81.0,-1
787,82.0,-1
927,74.0,-1
3542,24.0,-1
3422,47.0,-1
1250,58.0,-1
3439,44.0,-1
3478,37.0,-1
3516,28.0,-1
3530,26.0,-1
3413,48.0,-1
3474,38.0,-1
972,71.0,-1
987,71.0,-1
3449,42.0,-1
3447,42.0,-1
3592,17.0,-1
3475,38.0,-1
3442,43.0,-1
3469,39.0,-1
3597,17.0,-1
3557,22.0,-1
3607,14.0,-1
3533,25.0,-1
3714,0.0,-1
3715,0.0,-1
3713,0.0,-1
3706,0.0,-1
3709,0.0,-1
3712,0.0,-1
3704,0.0,-1
873,77.0,-1
3705,0.0,-1
3707,0.0,-1
3711,0.0,-1
3710,0.0,-1
3708,0.0,-1
1152,62.0,-1
3640,8.0,-1
3628,10.0,-1
3608,14.0,-1
3523,28.0,-1
3555,22.0,0
1467,52.0,0
3511,25.0,0
568,-2.0,-2
575,-2.0,-2
574,-2.0,-2
565,-2.0,-2
596,97.0,2
852,77.0,0
711,87.0,1
795,81.0,1
3538,21.0,0
683,89.0,1
1484,50.0,0
1378,53.0,0
3454,39.0,0
3599,12.0,0
3512,25.0,0
3682,0.0,0
3672,0.0,0
3662,1.0,0
3677,0.0,0
3678,0.0,0
3676,0.0,0
3679,0.0,0
1108,63.0,0
3681,0.0,0
3680,0.0,0
3675,0.0,0
579,100.0,2
573,-2.0,-2
563,-2.0,-2
882,75.0,-1
3425,43.0,-1
885,75.0,-1
13,100.0,-1
17,100.0,-1
1050,66.0,-1
1,100.0,-1
601,97.0,-1
1037,67.0,-1
849,77.0,-1
3466,36.0,-1
14,100.0,-1
1609,48.0,-1
717,86.0,-1
3463,37.0,-1
3667,0.0,-1
3657,1.0,-1
3435,42.0,-1
3596,12.0,-1
3550,20.0,-1
3647,2.0,-1
3594,13.0,-1
3661,0.0,-1
3648,2.0,-1
3671,0.0,-1
3665,0.0,-1
3666,0.0,-1
3664,0.0,-1
3670,0.0,-1
3430,42.0,-1
3669,0.0,-1
3663,0.0,-1
3668,0.0,-1
1110,62.0,-1
1166,59.0,-1
3228,9.0,-1
853,76.0,-1
1003,68.0,-1
3479,30.0,0
3487,28.0,0
1176,57.0,0
328,100.0,2
272,100.0,2
643,92.0,1
316,100.0,2
556,-2.0,-2
314,100.0,2
315,100.0,2
3508,24.0,0
1094,62.0,0
3612,0.0,0
3611,0.0,0
3610,0.0,0
3613,0.0,0
881,70.0,-1
1034,60.0,-1
1064,58.0,-1
1169,51.0,-1
3417,33.0,-1
1149,52.0,-1
1237,47.0,-1
1204,49.0,-1
3458,25.0,-1
3531,6.0,-1
3532,5.0,-1
3526,8.0,-1
1052,59.0,-1
3549,3.0,-1
3558,0.0,-1
3566,0.0,-1
3561,0.0,-1
3560,0.0,-1
3539,4.0,-1
3552,2.0,-1
3556,1.0,-1
3570,0.0,-1
3567,0.0,-1
741,80.0,-1
3569,0.0,-1
3564,0.0,-1
3568,0.0,-1
3575,0.0,-1
3576,0.0,-1
3562,0.0,-1
3563,0.0,-1
3572,0.0,-1
3579,0.0,-1
3578,0.0,-1
1095,56.0,-1
3565,0.0,-1
3571,0.0,-1
3573,0.0,-1
3577,0.0,-1
3574,0.0,-1
1096,56.0,-1
820,74.0,-1
1021,61.0,-1
911,68.0,-1
1151,52.0,-1
3541,0.0,0
3540,0.0,0
1180,48.0,-1
3429,27.0,-1
3491,13.0,-1
3522,3.0,-1
3535,0.0,-1
3534,0.0,-1
3227,2.0,-1
1117,30.0,-1
836,59.0,-1
45,100.0,-1
182,100.0,-1
653,83.0,-1
1062,35.0,-1
1554,6.0,-1
193,100.0,-1
36,100.0,-1
55,100.0,-1
784,66.0,-1
696,78.0,-1
719,74.0,-1
364,100.0,-1
898,53.0,-1
57,100.0,-1
367,100.0,-1
33,100.0,-1
1116,30.0,-1
1419,12.0,-1
1743,2.0,-1
1362,15.0,-1
1370,14.0,-1
1435,11.0,-1
1965,0.0,-1
2607,0.0,-1
2859,0.0,-1
3366,0.0,-1
2197,0.0,-1
3059,0.0,-1
2906,0.0,-1
2529,0.0,-1
2644,0.0,-1
3083,0.0,-1
1253,19.0,-1
3326,0.0,-1
2913,0.0,-1
2411,0.0,-1
2688,0.0,-1
2710,0.0,-1
620,89.0,-1
1011,42.0,-1
781,66.0,-1
270,100.0,-1
43,100.0,-1
2061,0.0,-1
2007,0.0,-1
3345,0.0,-1
1728,2.0,-1
986,43.0,-1
3102,0.0,-1
3322,0.0,-1
3142,0.0,-1
2741,0.0,-1
2737,0.0,-1
1652,3.0,-1
738,70.0,-1
2498,0.0,-1
2873,0.0,-1
2305,0.0,-1
2378,0.0,-1
2974,0.0,-1
3215,0.0,-1
1339,15.0,-1
206,100.0,-1
1437,11.0,-1
1910,0.0,-1
2005,0.0,-1
2648,0.0,-1
2022,0.0,-1
3278,0.0,-1
1216,21.0,-1
345,100.0,-1
3290,0.0,-1
3306,0.0,-1
2233,0.0,-1
2890,0.0,-1
2578,0.0,-1
1123,30.0,-1
2362,0.0,-1
50,100.0,-1
3294,0.0,-1
3222,0.0,-1
2791,0.0,-1
2319,0.0,-1
2844,0.0,-1
3371,0.0,-1
2980,0.0,-1
2490,0.0,-1
1949,0.0,-1
3251,0.0,-1
3295,0.0,-1
1951,0.0,-1
3296,0.0,-1
2314,0.0,-1
2785,0.0,-1
2956,0.0,-1
3390,0.0,-1
3189,0.0,-1
2394,0.0,-1
1927,0.0,-1
2835,0.0,-1
3087,0.0,-1
2429,0.0,-1
3155,0.0,-1
3082,0.0,-1
2276,0.0,-1
2532,0.0,-1
2707,0.0,-1
2142,0.0,-1
3356,0.0,-1
3272,0.0,-1
1876,0.0,-1
3089,0.0,-1
2793,0.0,-1
3012,0.0,-1
2257,0.0,-1
3141,0.0,-1
2632,0.0,-1
3270,0.0,-1
1886,0.0,-1
2203,0.0,-1
3166,0.0,-1
2760,0.0,-1
2773,0.0,-1
2485,0.0,-1
1893,0.0,-1
1914,0.0,-1
2664,0.0,-1
2884,0.0,-1
2366,0.0,-1
2695,0.0,-1
1912,0.0,-1
3065,0.0,-1
1892,0.0,-1
3197,0.0,-1
2604,0.0,-1
2994,0.0,-1
3110,0.0,-1
3274,0.0,-1
2911,0.0,-1
878,55.0,-1
747,70.0,-1
2487,0.0,-1
3214,0.0,-1
2903,0.0,-1
3146,0.0,-1
1907,0.0,-1
1341,15.0,-1
62,100.0,-1
1232,20.0,-1
1603,4.0,-1
1909,0.0,-1
2989,0.0,-1
2297,0.0,-1
1219,21.0,-1
3382,0.0,-1
9,100.0,-1
802,63.0,-1
2961,0.0,-1
1875,0.0,-1
2812,0.0,-1
3328,0.0,-1
1129,29.0,-1
53,100.0,-1
1425,12.0,-1
3357,0.0,-1
2814,0.0,-1
2334,0.0,-1
2838,0.0,-1
31,100.0,-1
2708,0.0,-1
2238,0.0,-1
2796,0.0,-1
1738,2.0,-1
1247,19.0,-1
2067,0.0,-1
2368,0.0,-1
3053,0.0,-1
2993,0.0,-1
3028,0.0,-1
2912,0.0,-1
2418,0.0,-1
2253,0.0,-1
2247,0.0,-1
2084,0.0,-1
2772,0.0,-1
2351,0.0,-1
3002,0.0,-1
3058,0.0,-1
3237,0.0,-1
2459,0.0,-1
3201,0.0,-1
2627,0.0,-1
3084,0.0,-1
1919,0.0,-1
2130,0.0,-1
3094,0.0,-1
2309,0.0,-1
3250,0.0,-1
2728,0.0,-1
3261,0.0,-1
2472,0.0,-1
3092,0.0,-1
2431,0.0,-1
1999,0.0,-1
2851,0.0,-1
2141,0.0,-1
3409,0.0,-1
3133,0.0,-1
2803,0.0,-1
2758,0.0,-1
2289,0.0,-1
3103,0.0,-1
2104,0.0,-1
2344,0.0,-1
3176,0.0,-1
2613,0.0,-1
2943,0.0,-1
2826,0.0,-1
2971,0.0,-1
3389,0.0,-1
3372,0.0,-1
2687,0.0,-1
2109,0.0,-1
1934,0.0,-1
2392,0.0,-1
2408,0.0,-1
3209,0.0,-1
3193,0.0,-1
3042,0.0,-1
3114,0.0,-1
3192,0.0,-1
2346,0.0,-1
1866,0.0,-1
2883,0.0,-1
3035,0.0,-1
2052,0.0,-1
2296,0.0,-1
2180,0.0,-1
2788,0.0,-1
2681,0.0,-1
2414,0.0,-1
3395,0.0,-1
2508,0.0,-1
2004,0.0,-1
2294,0.0,-1
2833,0.0,-1
2900,0.0,-1
3049,0.0,-1
1937,0.0,-1
2219,0.0,-1
2391,0.0,-1
2107,0.0,-1
3256,0.0,-1
2585,0.0,-1
2150,0.0,-1
2574,0.0,-1
2331,0.0,-1
2416,0.0,-1
2149,0.0,-1
2477,0.0,-1
2918,0.0,-1
2676,0.0,-1
1451,10.0,-1
281,100.0,-1
3259,0.0,-1
2172,0.0,-1
2430,0.0,-1
3011,0.0,-1
2254,0.0,-1
1650,3.0,-1
431,100.0,-1
52,100.0,-1
3267,0.0,-1
2549,0.0,-1
3123,0.0,-1
2255,0.0,-1
2515,0.0,-1
732,72.0,-1
37,100.0,-1
217,100.0,-1
1229,20.0,-1
2839,0.0,-1
2735,0.0,-1
2696,0.0,-1
2642,0.0,-1
235,100.0,-1
168,100.0,-1
349,100.0,-1
1869,0.0,-1
2111,0.0,-1
2988,0.0,-1
29,100.0,-1
424,100.0,-1
2586,0.0,-1
3287,0.0,-1
2743,0.0,-1
3411,0.0,-1
2126,0.0,-1
2916,0.0,-1
2933,0.0,-1
2638,0.0,-1
2553,0.0,-1
2948,0.0,-1
1848,0.0,-1
1718,2.0,-1
1159,26.0,-1
914,51.0,-1
1136,28.0,-1
1239,20.0,-1
1343,15.0,-1
1361,15.0,-1
1533,7.0,-1
1269,17.0,-1
1033,40.0,-1
892,53.0,-1
1579,5.0,-1
1155,26.0,-1
1226,21.0,-1
1574,5.0,-1
1191,24.0,-1
1102,32.0,-1
1243,20.0,-1
1627,4.0,-1
1507,8.0,-1
1511,8.0,-1
1541,7.0,-1
869,56.0,-1
1355,15.0,-1
1184,24.0,-1
1071,35.0,-1
1446,10.0,-1
1329,16.0,-1
1183,24.0,-1
1261,18.0,-1
1271,17.0,-1
1272,17.0,-1
1170,25.0,-1
755,69.0,-1
624,89.0,-1
2059,0.0,-1
1538,7.0,-1
2815,0.0,-1
2198,0.0,-1
1032,40.0,-1
1015,41.0,-1
735,72.0,-1
1082,33.0,-1
916,51.0,-1
1612,4.0,-1
1273,17.0,-1
1199,23.0,-1
159,100.0,-1
1802,1.0,-1
1068,35.0,-1
880,55.0,-1
751,69.0,-1
249,100.0,-1
924,50.0,-1
1198,23.0,-1
1826,0.0,-1
1282,17.0,-1
1825,1.0,-1
1847,0.0,-1
2864,0.0,-1
3325,0.0,-1
1982,0.0,-1
2855,0.0,-1
1833,0.0,-1
1842,0.0,-1
3321,0.0,-1
2781,0.0,-1
761,68.0,-1
3255,0.0,-1
3160,0.0,-1
2713,0.0,-1
2426,0.0,-1
2882,0.0,-1
3016,0.0,-1
2875,0.0,-1
2286,0.0,-1
3046,0.0,-1
2548,0.0,-1
96,100.0,-1
3018,0.0,-1
2054,0.0,-1
3027,0.0,-1
2273,0.0,-1
3229,0.0,-1
687,79.0,-1
1139,28.0,-1
826,61.0,-1
1126,29.0,-1
204,100.0,-1
1066,35.0,0
1190,24.0,0
1210,22.0,0
1255,18.0,0
1527,7.0,0
1483,8.0,0
1543,7.0,0
1570,5.0,0
1515,8.0,0
1564,6.0,0
1643,3.0,0
1551,6.0,0
1586,5.0,0
1447,10.0,0
1449,10.0,0
1526,7.0,0
1485,8.0,0
1583,5.0,0
1591,5.0,0
1456,10.0,0
1275,17.0,0
1276,17.0,0
1342,15.0,0
1285,16.0,0
1279,17.0,0
1278,17.0,0
1277,17.0,0
1613,4.0,0
1444,10.0,0
2023,0.0,-1
2941,0.0,-1
2010,0.0,-1
2369,0.0,-1
2751,0.0,-1
2396,0.0,-1
1911,0.0,-1
3001,0.0,-1
3307,0.0,-1
1530,7.0,-1
1156,26.0,-1
1932,0.0,-1
3013,0.0,-1
1954,0.0,-1
2020,0.0,-1
3191,0.0,-1
2647,0.0,-1
2358,0.0,-1
2151,0.0,-1
3122,0.0,-1
2285,0.0,-1
1390,13.0,-1
3375,0.0,-1
3079,0.0,-1
3304,0.0,-1
2347,0.0,-1
2606,0.0,-1
2702,0.0,-1
3216,0.0,-1
2991,0.0,-1
2397,0.0,-1
2083,0.0,-1
1964,0.0,-1
3121,0.0,-1
2849,0.0,-1
2771,0.0,-1
2449,0.0,-1
3245,0.0,-1
2469,0.0,-1
3061,0.0,-1
1972,0.0,-1
2535,0.0,-1
2183,0.0,-1
2070,0.0,-1
2137,0.0,-1
2531,0.0,-1
3252,0.0,-1
2801,0.0,-1
2262,0.0,-1
2936,0.0,-1
3243,0.0,-1
2753,0.0,-1
1992,0.0,-1
3185,0.0,-1
3238,0.0,-1
1986,0.0,-1
1997,0.0,-1
2982,0.0,-1
2269,0.0,-1
2192,0.0,-1
2212,0.0,-1
2966,0.0,-1
3317,0.0,-1
2415,0.0,-1
3277,0.0,-1
2105,0.0,-1
3031,0.0,-1
2878,0.0,-1
3156,0.0,-1
2436,0.0,-1
2724,0.0,-1
2700,0.0,-1
2777,0.0,-1
2766,0.0,-1
2517,0.0,-1
2080,0.0,-1
1971,0.0,-1
2114,0.0,-1
3369,0.0,-1
1903,0.0,-1
2208,0.0,-1
3000,0.0,-1
2355,0.0,-1
1990,0.0,-1
3051,0.0,-1
2547,0.0,-1
3410,0.0,-1
2534,0.0,-1
2678,0.0,-1
2703,0.0,-1
2902,0.0,-1
2201,0.0,-1
1428,11.0,-1
1284,16.0,-1
1434,11.0,-1
2320,0.0,-1
2480,0.0,-1
1233,20.0,-1
1260,18.0,-1
2293,0.0,-1
3234,0.0,-1
2079,0.0,-1
2237,0.0,-1
1490,8.0,-1
2306,0.0,-1
3354,0.0,-1
2817,0.0,-1
1883,0.0,-1
2311,0.0,-1
2225,0.0,-1
2519,0.0,-1
2277,0.0,-1
2154,0.0,-1
1894,0.0,-1
3358,0.0,-1
2045,0.0,-1
3195,0.0,-1
3316,0.0,-1
3033,0.0,-1
3009,0.0,-1
2506,0.0,-1
2393,0.0,-1
1945,0.0,-1
1936,0.0,-1
1970,0.0,-1
2021,0.0,-1
3254,0.0,-1
1249,19.0,-1
1120,30.0,-1
1157,26.0,-1
1578,5.0,-1
3299,0.0,-1
2129,0.0,-1
3067,0.0,-1
2611,0.0,-1
2600,0.0,-1
2973,0.0,-1
2692,0.0,-1
1904,0.0,-1
2377,0.0,-1
3157,0.0,-1
2090,0.0,-1
2425,0.0,-1
3074,0.0,-1
2018,0.0,-1
2987,0.0,-1
2356,0.0,-1
2424,0.0,-1
2470,0.0,-1
3225,0.0,-1
2929,0.0,-1
2479,0.0,-1
3168,0.0,-1
1979,0.0,-1
3062,0.0,-1
2608,0.0,-1
2093,0.0,-1
2509,0.0,-1
2244,0.0,-1
2926,0.0,-1
2829,0.0,-1
2266,0.0,-1
2887,0.0,-1
3202,0.0,-1
2888,0.0,-1
2836,0.0,-1
3398,0.0,-1
2693,0.0,-1
2442,0.0,-1
2290,0.0,-1
1977,0.0,-1
2226,0.0,-1
3403,0.0,-1
2596,0.0,-1
2373,0.0,-1
2694,0.0,-1
3023,0.0,-1
1540,7.0,-1
1252,19.0,-1
2231,0.0,-1
1916,0.0,-1
1628,4.0,-1
668,81.0,-1
2580,0.0,-1
2434,0.0,-1
1877,0.0,-1
2765,0.0,-1
2719,0.0,-1
2475,0.0,-1
1597,4.0,-1
370,100.0,-1
2476,0.0,-1
2213,0.0,-1
3125,0.0,-1
1742,2.0,-1
1747,1.0,-1
1077,34.0,-1
2218,0.0,-1
3314,0.0,-1
2173,0.0,-1
2348,0.0,-1
3014,0.0,-1
2898,0.0,-1
2465,0.0,-1
2667,0.0,-1
1748,1.0,-1
3297,0.0,-1
2556,0.0,-1
2813,0.0,-1
1917,0.0,-1
1043,38.0,-1
1436,11.0,-1
3308,0.0,-1
1741,2.0,-1
1061,36.0,-1
1725,2.0,-1
1366,14.0,-1
716,75.0,-1
897,53.0,-1
1122,30.0,-1
794,65.0,-1
917,51.0,-1
672,81.0,-1
915,51.0,-1
8,100.0,-1
397,100.0,-1
912,52.0,-1
777,66.0,-1
971,45.0,-1
1595,5.0,-1
984,43.0,-1
768,67.0,-1
641,86.0,-1
538,100.0,-1
1512,8.0,-1
2259,0.0,-1
1761,1.0,-1
1454,10.0,-1
1099,32.0,-1
1608,4.0,-1
701,77.0,-1
694,78.0,-1
1487,8.0,-1
1542,7.0,-1
3361,0.0,-1
2697,0.0,-1
1142,28.0,-1
1707,2.0,-1
1396,12.0,-1
32,100.0,-1
2654,0.0,-1
1790,1.0,-1
2435,0.0,-1
2338,0.0,-1
1915,0.0,-1
1128,29.0,-1
859,57.0,-1
684,79.0,-1
647,85.0,-1
822,61.0,-1
1716,2.0,-1
1513,8.0,-1
302,100.0,-1
539,100.0,-1
202,100.0,-1
291,100.0,-1
713,76.0,-1
780,66.0,-1
793,65.0,-1
46,100.0,-1
61,100.0,-1
753,69.0,-1
1171,25.0,-1
782,66.0,-1
758,68.0,-1
779,66.0,-1
864,57.0,-1
728,72.0,-1
586,97.0,-1
709,76.0,-1
797,64.0,-1
834,60.0,-1
928,49.0,-1
1121,30.0,-1
875,55.0,-1
955,47.0,-1
877,55.0,-1
962,46.0,-1
1073,35.0,-1
1074,34.0,-1
988,43.0,-1
1012,41.0,-1
871,56.0,-1
830,60.0,-1
1035,39.0,-1
1006,42.0,-1
1004,42.0,-1
989,43.0,-1
1036,39.0,-1
981,44.0,-1
1058,36.0,-1
936,48.0,-1
760,68.0,-1
78,100.0,-1
269,100.0,-1
1626,4.0,-1
1531,7.0,-1
263,100.0,-1
189,100.0,-1
617,90.0,-1
51,100.0,-1
310,100.0,-1
679,80.0,-1
756,68.0,-1
926,49.0,-1
636,87.0,-1
154,100.0,-1
1443,10.0,-1
233,100.0,-1
642,86.0,-1
59,100.0,-1
664,82.0,-1
704,77.0,-1
445,100.0,-1
34,100.0,-1
637,87.0,-1
910,52.0,-1
1013,41.0,-1
593,95.0,-1
1020,41.0,-1
1081,34.0,-1
1389,13.0,-1
1647,3.0,-1
1739,2.0,-1
1792,1.0,-1
2595,0.0,-1
1839,0.0,-1
1808,1.0,-1
2325,0.0,-1
823,61.0,-1
2626,0.0,-1
3275,0.0,-1
3240,0.0,-1
3040,0.0,-1
1960,0.0,-1
956,47.0,-1
991,43.0,-1
887,54.0,-1
44,100.0,-1
1097,32.0,-1
1610,4.0,-1
1374,14.0,-1
1145,28.0,-1
460,100.0,-1
1849,0.0,-1
1218,21.0,-1
1080,34.0,-1
994,42.0,-1
631,88.0,-1
818,61.0,-1
1133,28.0,-1
3386,0.0,-1
1372,14.0,-1
2761,0.0,-1
3159,0.0,-1
3036,0.0,-1
3298,0.0,-1
2179,0.0,-1
2685,0.0,-1
2326,0.0,-1
3010,0.0,-1
2188,0.0,-1
2998,0.0,-1
54,100.0,-1
2174,0.0,-1
2497,0.0,-1
3359,0.0,-1
2042,0.0,-1
2230,0.0,-1
3136,0.0,-1
3381,0.0,-1
3112,0.0,-1
3330,0.0,-1
2599,0.0,-1
41,100.0,-1
2466,0.0,-1
2143,0.0,-1
3233,0.0,-1
3124,0.0,-1
2110,0.0,-1
609,93.0,-1
1153,27.0,-1
888,54.0,-1
1140,28.0,-1
720,74.0,-1
1147,27.0,-1
957,47.0,-1
2056,0.0,-1
2420,0.0,-1
2156,0.0,-1
2551,0.0,-1
3144,0.0,-1
2003,0.0,-1
2575,0.0,-1
3174,0.0,-1
2155,0.0,-1
2787,0.0,-1
42,100.0,-1
3135,0.0,-1
1920,0.0,-1
56,100.0,-1
913,51.0,-1
791,65.0,-1
790,65.0,-1
3111,0.0,-1
3066,0.0,-1
2518,0.0,-1
1981,0.0,-1
821,61.0,-1
3147,0.0,-1
2082,0.0,-1
3333,0.0,-1
2193,0.0,-1
2655,0.0,-1
2539,0.0,-1
2106,0.0,-1
2520,0.0,-1
3183,0.0,-1
1895,0.0,-1
3258,0.0,-1
2768,0.0,-1
2516,0.0,-1
3271,0.0,-1
3132,0.0,-1
2850,0.0,-1
1913,0.0,-1
3396,0.0,-1
3163,0.0,-1
2910,0.0,-1
2124,0.0,-1
2419,0.0,-1
2560,0.0,-1
3154,0.0,-1
2997,0.0,-1
3407,0.0,-1
2682,0.0,-1
3167,0.0,-1
2935,0.0,-1
3150,0.0,-1
1991,0.0,-1
1813,1.0,-1
1264,18.0,-1
3105,0.0,-1
2444,0.0,-1
2364,0.0,-1
1804,1.0,-1
1196,23.0,-1
1267,17.0,-1
1528,7.0,-1
1161,26.0,-1
2202,0.0,-1
3404,0.0,-1
2561,0.0,-1
3327,0.0,-1
1980,0.0,-1
2880,0.0,-1
2432,0.0,-1
2349,0.0,-1
2015,0.0,-1
2267,0.0,-1
1899,0.0,-1
1868,0.0,-1
2570,0.0,-1
2402,0.0,-1
2593,0.0,-1
2500,0.0,-1
3248,0.0,-1
1923,0.0,-1
2437,0.0,-1
2044,0.0,-1
2854,0.0,-1
2820,0.0,-1
3044,0.0,-1
2074,0.0,-1
2714,0.0,-1
1727,2.0,0
645,85.0,1
980,44.0,0
865,56.0,0
1167,25.0,0
1452,10.0,0
1217,21.0,0
1242,20.0,0
1472,9.0,0
1280,17.0,0
1207,22.0,0
1256,18.0,0
702,77.0,0
1127,29.0,0
1522,8.0,0
2663,0.0,0
2722,0.0,0
2620,0.0,0
2675,0.0,0
1263,18.0,0
1553,6.0,0
1713,2.0,0
2623,0.0,0
623,89.0,1
2704,0.0,0
2661,0.0,0
2670,0.0,0
2733,0.0,0
2734,0.0,0
2709,0.0,0
2705,0.0,0
2617,0.0,0
2852,0.0,0
2656,0.0,0
595,95.0,2
2630,0.0,0
2729,0.0,0
2723,0.0,0
2665,0.0,0
2691,0.0,0
673,81.0,1
968,45.0,0
1078,34.0,0
1211,22.0,0
1111,31.0,0
1770,1.0,-1
935,48.0,-1
872,55.0,-1
654,83.0,-1
846,58.0,-1
931,49.0,-1
899,53.0,-1
613,92.0,-1
997,42.0,-1
907,52.0,-1
940,48.0,-1
639,86.0,-1
1106,31.0,-1
1028,40.0,-1
1262,18.0,-1
1561,6.0,-1
1248,19.0,-1
1039,39.0,-1
1098,32.0,-1
1575,5.0,-1
1557,6.0,-1
1334,16.0,-1
1453,10.0,-1
670,81.0,-1
1363,14.0,-1
1075,34.0,-1
1044,38.0,-1
1470,9.0,-1
1706,2.0,-1
1109,31.0,-1
1351,15.0,-1
1244,19.0,-1
1352,15.0,-1
930,49.0,-1
681,79.0,-1
307,100.0,-1
2568,0.0,-1
1567,6.0,-1
3017,0.0,-1
2372,0.0,-1
895,53.0,-1
838,59.0,-1
665,81.0,-1
861,57.0,-1
757,68.0,-1
2445,0.0,-1
3336,0.0,-1
3301,0.0,-1
3165,0.0,-1
1879,0.0,-1
2406,0.0,-1
3303,0.0,-1
3052,0.0,-1
1996,0.0,-1
3320,0.0,-1
1973,0.0,-1
3071,0.0,-1
2380,0.0,-1
1968,0.0,-1
2571,0.0,-1
3360,0.0,-1
2000,0.0,-1
2563,0.0,-1
2799,0.0,-1
2657,0.0,-1
3397,0.0,-1
3019,0.0,-1
3226,0.0,-1
2034,0.0,-1
2318,0.0,-1
3143,0.0,-1
2423,0.0,-1
2102,0.0,-1
3341,0.0,-1
2312,0.0,-1
2367,0.0,-1
2591,0.0,-1
3253,0.0,-1
2750,0.0,-1
3218,0.0,-1
2159,0.0,-1
1985,0.0,-1
2121,0.0,-1
2886,0.0,-1
2146,0.0,-1
2359,0.0,-1
2925,0.0,-1
2478,0.0,-1
1645,3.0,-1
2979,0.0,-1
2086,0.0,-1
2896,0.0,-1
2686,0.0,-1
2938,0.0,-1
3120,0.0,-1
3342,0.0,-1
2950,0.0,-1
2258,0.0,-1
3026,0.0,-1
2446,0.0,-1
2081,0.0,-1
2471,0.0,-1
2357,0.0,-1
2182,0.0,-1
2176,0.0,-1
2869,0.0,-1
1976,0.0,-1
2147,0.0,-1
2792,0.0,-1
3300,0.0,-1
2669,0.0,-1
1998,0.0,-1
2546,0.0,-1
3029,0.0,-1
2097,0.0,-1
1864,0.0,-1
3280,0.0,-1
2523,0.0,-1
2187,0.0,-1
2145,0.0,-1
2954,0.0,-1
2026,0.0,-1
2221,0.0,-1
3175,0.0,-1
2512,0.0,-1
3037,0.0,-1
2166,0.0,-1
2732,0.0,-1
3388,0.0,-1
2914,0.0,-1
3343,0.0,-1
1888,0.0,-1
1956,0.0,-1
2543,0.0,-1
1961,0.0,-1
1715,2.0,-1
1259,18.0,-1
817,62.0,-1
933,48.0,-1
676,80.0,-1
862,57.0,-1
1112,31.0,-1
1093,33.0,-1
919,51.0,-1
1154,27.0,-1
824,61.0,-1
638,86.0,-1
1193,24.0,-1
1069,35.0,-1
1026,40.0,-1
932,48.0,-1
1195,24.0,-1
1200,23.0,-1
1644,3.0,-1
1420,12.0,-1
1418,12.0,-1
1590,5.0,-1
1654,3.0,-1
1257,18.0,-1
1677,3.0,-1
1828,0.0,-1
1830,0.0,-1
2177,0.0,-1
3242,0.0,-1
2342,0.0,-1
2783,0.0,-1
3178,0.0,-1
1878,0.0,-1
2274,0.0,-1
966,45.0,-1
2564,0.0,-1
2260,0.0,-1
2484,0.0,-1
1975,0.0,-1
3319,0.0,-1
879,55.0,-1
1047,38.0,-1
1001,42.0,-1
998,42.0,-1
674,81.0,-1
1987,0.0,-1
2473,0.0,-1
3249,0.0,-1
2006,0.0,-1
1605,4.0,-1
948,47.0,-1
1642,4.0,-1
1427,12.0,-1
943,47.0,-1
1806,1.0,-1
1165,25.0,-1
945,47.0,-1
2876,0.0,-1
950,47.0,-1
952,47.0,-1
949,47.0,-1
2602,0.0,-1
1592,5.0,-1
1589,5.0,-1
944,47.0,-1
951,47.0,-1
2651,0.0,-1
2977,0.0,-1
2321,0.0,-1
2565,0.0,-1
1350,15.0,-1
947,47.0,-1
942,47.0,-1
2035,0.0,-1
1832,0.0,-1
1732,2.0,-1
2127,0.0,-1
1983,0.0,-1
1816,1.0,-1
2612,0.0,-1
1432,11.0,-1
953,47.0,-1
946,47.0,-1
3374,0.0,-1
2131,0.0,-1
2640,0.0,-1
2540,0.0,-1
2350,0.0,-1
2240,0.0,-1
3184,0.0,-1
2877,0.0,-1
1925,0.0,-1
2178,0.0,-1
2250,0.0,-1
3399,0.0,-1
2118,0.0,-1
2996,0.0,-1
2633,0.0,-1
2181,0.0,-1
3289,0.0,-1
1889,0.0,-1
2496,0.0,-1
1953,0.0,-1
1871,0.0,-1
2945,0.0,-1
3093,0.0,-1
2100,0.0,-1
2921,0.0,-1
2978,0.0,-1
2908,0.0,-1
2848,0.0,-1
2251,0.0,-1
2798,0.0,-1
2264,0.0,-1
2905,0.0,-1
2567,0.0,-1
2770,0.0,-1
3188,0.0,-1
2757,0.0,-1
2738,0.0,-1
2073,0.0,-1
2068,0.0,-1
2823,0.0,-1
3068,0.0,-1
2053,0.0,-1
2077,0.0,-1
3106,0.0,-1
2386,0.0,-1
3239,0.0,-1
3101,0.0,-1
2329,0.0,-1
2807,0.0,-1
2398,0.0,-1
2671,0.0,-1
3148,0.0,-1
3257,0.0,-1
2279,0.0,-1
2756,0.0,-1
3169,0.0,-1
2493,0.0,-1
2211,0.0,-1
2460,0.0,-1
3305,0.0,-1
3149,0.0,-1
3151,0.0,-1
3069,0.0,-1
2731,0.0,-1
3310,0.0,-1
2984,0.0,-1
2868,0.0,-1
2957,0.0,-1
3129,0.0,-1
2379,0.0,-1
2658,0.0,-1
3284,0.0,-1
1872,0.0,-1
2963,0.0,-1
3020,0.0,-1
2727,0.0,-1
2800,0.0,-1
2461,0.0,-1
3292,0.0,-1
2395,0.0,-1
2566,0.0,-1
2287,0.0,-1
3063,0.0,-1
2223,0.0,-1
2361,0.0,-1
3024,0.0,-1
3060,0.0,-1
3281,0.0,-1
2385,0.0,-1
3286,0.0,-1
2955,0.0,-1
3096,0.0,-1
2075,0.0,-1
2759,0.0,-1
2190,0.0,-1
2946,0.0,-1
3268,0.0,-1
3072,0.0,-1
3262,0.0,-1
1880,0.0,-1
2718,0.0,-1
1908,0.0,-1
2932,0.0,-1
3206,0.0,-1
2271,0.0,-1
3244,0.0,-1
2448,0.0,-1
3332,0.0,-1
2441,0.0,-1
2016,0.0,-1
2624,0.0,-1
2889,0.0,-1
2584,0.0,-1
2972,0.0,-1
2455,0.0,-1
2649,0.0,-1
1887,0.0,-1
3324,0.0,-1
1943,0.0,-1
2012,0.0,-1
2046,0.0,-1
2784,0.0,-1
3173,0.0,-1
2528,0.0,-1
2503,0.0,-1
2721,0.0,-1
3203,0.0,-1
2928,0.0,-1
3034,0.0,-1
2904,0.0,-1
3081,0.0,-1
2462,0.0,-1
2328,0.0,-1
3367,0.0,-1
2537,0.0,-1
2922,0.0,-1
2216,0.0,-1
2653,0.0,-1
2400,0.0,-1
3134,0.0,-1
3260,0.0,-1
2832,0.0,-1
2861,0.0,-1
2412,0.0,-1
2094,0.0,-1
2536,0.0,-1
2541,0.0,-1
2505,0.0,-1
2291,0.0,-1
2232,0.0,-1
3032,0.0,-1
2063,0.0,-1
2333,0.0,-1
2951,0.0,-1
2278,0.0,-1
2055,0.0,-1
3207,0.0,-1
2501,0.0,-1
2451,0.0,-1
2562,0.0,-1
2847,0.0,-1
2040,0.0,-1
3113,0.0,-1
3130,0.0,-1
2316,0.0,-1
3347,0.0,-1
2417,0.0,-1
3127,0.0,-1
2689,0.0,-1
2830,0.0,-1
2256,0.0,-1
2092,0.0,-1
3205,0.0,-1
2486,0.0,-1
2128,0.0,-1
3182,0.0,-1
2284,0.0,-1
2837,0.0,-1
3170,0.0,-1
2360,0.0,-1
2089,0.0,-1
2779,0.0,-1
2161,0.0,-1
2822,0.0,-1
2808,0.0,-1
2136,0.0,-1
3109,0.0,-1
3196,0.0,-1
1933,0.0,-1
2017,0.0,-1
2745,0.0,-1
2301,0.0,-1
3137,0.0,-1
2809,0.0,-1
3090,0.0,-1
2268,0.0,-1
2158,0.0,-1
2818,0.0,-1
3073,0.0,-1
3373,0.0,-1
2243,0.0,-1
2138,0.0,-1
2970,0.0,-1
2614,0.0,-1
2371,0.0,-1
2552,0.0,-1
2439,0.0,-1
1882,0.0,-1
2583,0.0,-1
3076,0.0,-1
2764,0.0,-1
2827,0.0,-1
3378,0.0,-1
1905,0.0,-1
3140,0.0,-1
2866,0.0,-1
2363,0.0,-1
3080,0.0,-1
2730,0.0,-1
3247,0.0,-1
2261,0.0,-1
2153,0.0,-1
3355,0.0,-1
2427,0.0,-1
2794,0.0,-1
2066,0.0,-1
2057,0.0,-1
3380,0.0,-1
2795,0.0,-1
1930,0.0,-1
2491,0.0,-1
2246,0.0,-1
3007,0.0,-1
1817,1.0,-1
848,58.0,-1
2605,0.0,-1
2162,0.0,-1
2209,0.0,-1
2601,0.0,-1
1385,13.0,-1
184,100.0,-1
1441,10.0,-1
1623,4.0,-1
2499,0.0,-1
2952,0.0,-1
2195,0.0,-1
2315,0.0,-1
1265,18.0,-1
245,100.0,-1
2135,0.0,-1
1957,0.0,-1
3311,0.0,-1
2001,0.0,-1
3377,0.0,-1
1181,24.0,-1
2965,0.0,-1
38,100.0,-1
1477,9.0,-1
2407,0.0,-1
2335,0.0,-1
1935,0.0,-1
237,100.0,-1
133,100.0,-1
3401,0.0,-1
2629,0.0,-1
1546,6.0,-1
2526,0.0,-1
2353,0.0,-1
3293,0.0,-1
2976,0.0,-1
1380,13.0,-1
12,100.0,-1
2390,0.0,-1
2742,0.0,-1
2050,0.0,-1
1556,6.0,-1
1479,9.0,-1
3117,0.0,-1
2248,0.0,-1
3078,0.0,-1
2618,0.0,-1
3095,0.0,-1
2524,0.0,-1
2726,0.0,-1
3048,0.0,-1
3043,0.0,-1
2659,0.0,-1
2927,0.0,-1
2381,0.0,-1
2590,0.0,-1
3309,0.0,-1
2774,0.0,-1
2098,0.0,-1
1921,0.0,-1
2029,0.0,-1
2923,0.0,-1
1900,0.0,-1
2280,0.0,-1
3211,0.0,-1
3208,0.0,-1
3394,0.0,-1
2635,0.0,-1
2917,0.0,-1
2228,0.0,-1
3349,0.0,-1
2072,0.0,-1
2504,0.0,-1
2388,0.0,-1
3097,0.0,-1
3362,0.0,-1
2048,0.0,-1
2698,0.0,-1
3075,0.0,-1
2387,0.0,-1
2308,0.0,-1
2953,0.0,-1
1926,0.0,-1
2683,0.0,-1
2588,0.0,-1
1974,0.0,-1
2169,0.0,-1
2454,0.0,-1
2821,0.0,-1
2038,0.0,-1
2717,0.0,-1
2631,0.0,-1
1950,0.0,-1
1870,0.0,-1
2660,0.0,-1
3047,0.0,-1
3318,0.0,-1
3231,0.0,-1
3344,0.0,-1
2009,0.0,-1
2545,0.0,-1
2673,0.0,-1
2410,0.0,-1
1929,0.0,-1
2802,0.0,-1
3402,0.0,-1
3180,0.0,-1
2975,0.0,-1
3241,0.0,-1
2002,0.0,-1
1948,0.0,-1
2915,0.0,-1
3107,0.0,-1
1918,0.0,-1
2120,0.0,-1
2210,0.0,-1
2404,0.0,-1
3138,0.0,-1
3220,0.0,-1
2300,0.0,-1
2740,0.0,-1
2076,0.0,-1
2492,0.0,-1
2901,0.0,-1
2447,0.0,-1
2746,0.0,-1
2270,0.0,-1
2299,0.0,-1
2028,0.0,-1
2217,0.0,-1
1942,0.0,-1
3224,0.0,-1
1988,0.0,-1
2165,0.0,-1
2778,0.0,-1
2942,0.0,-1
2748,0.0,-1
2168,0.0,-1
2281,0.0,-1
3145,0.0,-1
2222,0.0,-1
2239,0.0,-1
2032,0.0,-1
2947,0.0,-1
2014,0.0,-1
2872,0.0,-1
2747,0.0,-1
1941,0.0,-1
2376,0.0,-1
2920,0.0,-1
3331,0.0,-1
2841,0.0,-1
3038,0.0,-1
2352,0.0,-1
2598,0.0,-1
2752,0.0,-1
2969,0.0,-1
1902,0.0,-1
2858,0.0,-1
3385,0.0,-1
1874,0.0,-1
2628,0.0,-1
2332,0.0,-1
3269,0.0,-1
2421,0.0,-1
3365,0.0,-1
3383,0.0,-1
2457,0.0,-1
2307,0.0,-1
1994,0.0,-1
2589,0.0,-1
2870,0.0,-1
3077,0.0,-1
3265,0.0,-1
2337,0.0,-1
2790,0.0,-1
3086,0.0,-1
2229,0.0,-1
1766,1.0,-1
621,89.0,-1
275,100.0,-1
221,100.0,-1
1046,38.0,-1
660,82.0,-1
792,65.0,-1
804,63.0,-1
939,48.0,-1
661,82.0,-1
733,72.0,-1
255,100.0,-1
48,100.0,-1
584,98.0,-1
625,89.0,-1
49,100.0,-1
1107,31.0,-1
47,100.0,-1
194,100.0,-1
703,77.0,-1
1016,41.0,-1
909,52.0,-1
993,42.0,-1
835,60.0,-1
1194,24.0,-1
1486,8.0,-1
2041,0.0,-1
2550,0.0,-1
2341,0.0,-1
2968,0.0,-1
2095,0.0,-1
2078,0.0,-1
2711,0.0,-1
1924,0.0,-1
816,62.0,-1
2452,0.0,-1
1863,0.0,-1
3291,0.0,-1
2715,0.0,-1
230,100.0,-1
299,100.0,-1
2214,0.0,-1
1721,2.0,-1
2645,0.0,-1
2643,0.0,-1
1939,0.0,-1
2031,0.0,-1
2024,0.0,-1
3056,0.0,-1
1995,0.0,-1
2027,0.0,-1
2087,0.0,-1
2636,0.0,-1
3406,0.0,-1
2495,0.0,-1
2483,0.0,-1
2958,0.0,-1
2919,0.0,-1
3194,0.0,-1
3164,0.0,-1
2375,0.0,-1
2374,0.0,-1
3285,0.0,-1
3400,0.0,-1
2295,0.0,-1
2272,0.0,-1
2572,0.0,-1
2220,0.0,-1
3108,0.0,-1
3302,0.0,-1
2874,0.0,-1
2863,0.0,-1
2125,0.0,-1
2117,0.0,-1
2530,0.0,-1
2513,0.0,-1
1862,0.0,-1
2816,0.0,-1
3153,0.0,-1
1884,0.0,-1
2085,0.0,-1
3177,0.0,-1
2013,0.0,-1
2825,0.0,-1
2581,0.0,-1
2249,0.0,-1
2194,0.0,-1
2857,0.0,-1
2330,0.0,-1
3392,0.0,-1
1906,0.0,-1
2625,0.0,-1
2615,0.0,-1
1881,0.0,-1
3387,0.0,-1
1944,0.0,-1
3315,0.0,-1
2339,0.0,-1
2736,0.0,-1
2716,0.0,-1
2893,0.0,-1
3015,0.0,-1
2650,0.0,-1
3030,0.0,-1
2533,0.0,-1
2382,0.0,-1
3131,0.0,-1
2806,0.0,-1
2755,0.0,-1
2122,0.0,-1
1969,0.0,-1
3219,0.0,-1
2992,0.0,-1
2983,0.0,-1
2885,0.0,-1
2637,0.0,-1
2464,0.0,-1
1931,0.0,-1
2383,0.0,-1
3098,0.0,-1
3128,0.0,-1
2845,0.0,-1
2265,0.0,-1
2467,0.0,-1
3323,0.0,-1
2960,0.0,-1
3405,0.0,-1
3213,0.0,-1
2990,0.0,-1
3393,0.0,-1
2489,0.0,-1
2789,0.0,-1
2433,0.0,-1
1810,1.0,-1
2907,0.0,-1
714,76.0,-1
960,46.0,-1
597,95.0,-1
796,64.0,-1
963,46.0,-1
860,57.0,-1
929,49.0,-1
925,50.0,-1
828,60.0,-1
663,82.0,-1
2892,0.0,-1
727,72.0,-1
1132,29.0,-1
1014,41.0,-1
1131,29.0,-1
1174,25.0,-1
1231,20.0,-1
1333,16.0,-1
2108,0.0,-1
2621,0.0,-1
2345,0.0,-1
1720,2.0,-1
3282,0.0,-1
2862,0.0,-1
1841,0.0,-1
1818,1.0,-1
3116,0.0,-1
3217,0.0,-1
3039,0.0,-1
2856,0.0,-1
2036,0.0,-1
3204,0.0,-1
1005,42.0,-1
3158,0.0,-1
2234,0.0,-1
3005,0.0,-1
2354,0.0,-1
2064,0.0,-1
874,55.0,-1
876,55.0,-1
985,43.0,-1
685,79.0,-1
815,62.0,-1
3045,0.0,-1
2712,0.0,-1
2207,0.0,-1
3230,0.0,-1
3172,0.0,-1
3119,0.0,-1
3199,0.0,-1
2399,0.0,-1
3212,0.0,-1
2739,0.0,-1
2494,0.0,-1
3232,0.0,-1
2865,0.0,-1
3161,0.0,-1
2200,0.0,-1
2939,0.0,-1
2843,0.0,-1
2577,0.0,-1
2622,0.0,-1
2148,0.0,-1
2557,0.0,-1
2662,0.0,-1
2215,0.0,-1
2071,0.0,-1
2304,0.0,-1
2227,0.0,-1
2842,0.0,-1
2113,0.0,-1
3266,0.0,-1
2587,0.0,-1
2199,0.0,-1
2069,0.0,-1
1946,0.0,-1
2544,0.0,-1
3088,0.0,-1
2456,0.0,-1
2840,0.0,-1
3329,0.0,-1
2824,0.0,-1
2030,0.0,-1
2323,0.0,-1
3003,0.0,-1
2043,0.0,-1
2481,0.0,-1
2163,0.0,-1
3008,0.0,-1
2819,0.0,-1
2438,0.0,-1
2123,0.0,-1
3104,0.0,-1
3118,0.0,-1
3179,0.0,-1
2597,0.0,-1
1901,0.0,-1
2453,0.0,-1
2514,0.0,-1
2720,0.0,-1
3246,0.0,-1
3376,0.0,-1
2204,0.0,-1
2245,0.0,-1
2780,0.0,-1
3190,0.0,-1
2403,0.0,-1
2592,0.0,-1
1984,0.0,-1
3408,0.0,-1
2986,0.0,-1
2340,0.0,-1
3221,0.0,-1
2786,0.0,-1
2609,0.0,-1
3064,0.0,-1
3379,0.0,-1
2422,0.0,-1
2186,0.0,-1
2384,0.0,-1
2132,0.0,-1
2037,0.0,-1
2782,0.0,-1
1959,0.0,-1
2797,0.0,-1
2879,0.0,-1
2634,0.0,-1
1938,0.0,-1
3070,0.0,-1
2999,0.0,-1
2894,0.0,-1
2185,0.0,-1
2579,0.0,-1
3288,0.0,-1
2164,0.0,-1
2184,0.0,-1
3340,0.0,-1
1885,0.0,-1
2370,0.0,-1
2639,0.0,-1
3339,0.0,-1
2039,0.0,-1
2474,0.0,-1
3057,0.0,-1
2049,0.0,-1
2060,0.0,-1
3041,0.0,-1
2327,0.0,-1
2754,0.0,-1
2521,0.0,-1
2389,0.0,-1
2594,0.0,-1
3334,0.0,-1
2292,0.0,-1
2924,0.0,-1
2762,0.0,-1
2140,0.0,-1
2011,0.0,-1
2413,0.0,-1
2025,0.0,-1
2871,0.0,-1
2144,0.0,-1
2706,0.0,-1
2831,0.0,-1
3236,0.0,-1
2569,0.0,-1
2603,0.0,-1
2891,0.0,-1
2112,0.0,-1
1955,0.0,-1
2558,0.0,-1
2235,0.0,-1
1947,0.0,-1
2576,0.0,-1
1873,0.0,-1
3025,0.0,-1
2303,0.0,-1
1940,0.0,-1
1928,0.0,-1
1550,6.0,-1
2139,0.0,-1
2573,0.0,-1
1771,1.0,-1
1143,28.0,-1
1683,3.0,-1
814,62.0,-1
198,100.0,-1
3263,0.0,-1
2160,0.0,-1
1735,2.0,-1
1177,25.0,-1
1018,41.0,-1
1208,22.0,-1
499,100.0,-1
1125,29.0,-1
1548,6.0,-1
1890,0.0,-1
1433,11.0,-1
167,100.0,-1
1038,39.0,-1
292,100.0,-1
3162,0.0,-1
607,93.0,-1
3273,0.0,-1
2482,0.0,-1
1354,15.0,-1
439,100.0,-1
992,42.0,-1
203,100.0,-1
1268,17.0,-1
2767,0.0,-1
3264,0.0,-1
2744,0.0,-1
1236,20.0,-1
26,100.0,-1
185,100.0,-1
2405,0.0,-1
2769,0.0,-1
2931,0.0,-1
3100,0.0,-1
1922,0.0,-1
2949,0.0,-1
2559,0.0,-1
2538,0.0,-1
2668,0.0,-1
2313,0.0,-1
2103,0.0,-1
3200,0.0,-1
2275,0.0,-1
2058,0.0,-1
2934,0.0,-1
3115,0.0,-1
3004,0.0,-1
2810,0.0,-1
2805,0.0,-1
2555,0.0,-1
2510,0.0,-1
3363,0.0,-1
2895,0.0,-1
3335,0.0,-1
3055,0.0,-1
2749,0.0,-1
3337,0.0,-1
2507,0.0,-1
3198,0.0,-1
2322,0.0,-1
3364,0.0,-1
2062,0.0,-1
2828,0.0,-1
2725,0.0,-1
2776,0.0,-1
2930,0.0,-1
2152,0.0,-1
2944,0.0,-1
2677,0.0,-1
2033,0.0,-1
2343,0.0,-1
2964,0.0,-1
3126,0.0,-1
3279,0.0,-1
3022,0.0,-1
2310,0.0,-1
1978,0.0,-1
2196,0.0,-1
2959,0.0,-1
2511,0.0,-1
2853,0.0,-1
2679,0.0,-1
3384,0.0,-1
2488,0.0,-1
2699,0.0,-1
2680,0.0,-1
1898,0.0,-1
2962,0.0,-1
3312,0.0,-1
2167,0.0,-1
2241,0.0,-1
1952,0.0,-1
2236,0.0,-1
2542,0.0,-1
2047,0.0,-1
2065,0.0,-1
2008,0.0,-1
3006,0.0,-1
2554,0.0,-1
2525,0.0,-1
2652,0.0,-1
2995,0.0,-1
2690,0.0,-1
2619,0.0,-1
2582,0.0,-1
2834,0.0,-1
2088,0.0,-1
2610,0.0,-1
2189,0.0,-1
1897,0.0,-1
3054,0.0,-1
2981,0.0,-1
2170,0.0,-1
3235,0.0,-1
3338,0.0,-1
2937,0.0,-1
3187,0.0,-1
2175,0.0,-1
2775,0.0,-1
2468,0.0,-1
2428,0.0,-1
3283,0.0,-1
2099,0.0,-1
3368,0.0,-1
2119,0.0,-1
2985,0.0,-1
3050,0.0,-1
1993,0.0,-1
2522,0.0,-1
2096,0.0,-1
175,100.0,-1
2302,0.0,-1
3091,0.0,-1
3370,0.0,-1
3152,0.0,-1
2282,0.0,-1
2263,0.0,-1
990,43.0,-1
1967,0.0,-1
1958,0.0,-1
2763,0.0,-1
3099,0.0,-1
3021,0.0,-1
2527,0.0,-1
2298,0.0,-1
40,100.0,-1
1113,31.0,-1
2242,0.0,-1
2811,0.0,-1
2967,0.0,-1
2701,0.0,-1
2401,0.0,-1
3223,0.0,-1
258,100.0,-1
2101,0.0,-1
2804,0.0,-1
2365,0.0,-1
2909,0.0,-1
3171,0.0,-1
3210,0.0,-1
241,100.0,-1
2324,0.0,-1
2440,0.0,-1
3181,0.0,-1
3276,0.0,-1
3353,0.0,-1
2899,0.0,-1
2191,0.0,-1
2616,0.0,-1
2646,0.0,-1
2283,0.0,-1
2502,0.0,-1
1857,0.0,-1
1723,2.0,-1
1731,2.0,-1
1794,1.0,-1
1712,2.0,-1
1736,2.0,-1
1678,3.0,-1
1737,2.0,-1
1620,4.0,-1
1572,5.0,-1
1734,2.0,-1
1740,2.0,-1
1793,1.0,-1
1846,0.0,-1
1744,1.0,-1
1710,2.0,-1
1655,3.0,-1
1508,8.0,-1
1837,0.0,-1
2051,0.0,-1
1860,0.0,-1
1834,0.0,-1
1845,0.0,-1
1621,4.0,-1
1679,3.0,-1
1676,3.0,-1
1836,0.0,-1
1852,0.0,-1
2288,0.0,-1
1989,0.0,-1
1803,1.0,-1
1851,0.0,-1
1831,0.0,-1
2317,0.0,-1
1797,1.0,-1
1856,0.0,-1
2846,0.0,-1
2641,0.0,-1
2252,0.0,-1
2091,0.0,-1
1729,2.0,-1
1709,2.0,-1
1658,3.0,-1
1724,2.0,-1
1682,3.0,-1
2684,0.0,-1
1815,1.0,-1
1510,8.0,-1
1373,14.0,-1
1392,13.0,-1
1560,6.0,-1
1580,5.0,-1
1585,5.0,-1
1450,10.0,-1
1474,9.0,-1
1563,6.0,-1
1573,5.0,-1
1656,3.0,-1
1568,5.0,-1
1576,5.0,-1
1607,4.0,-1
1539,7.0,-1
1529,7.0,-1
1532,7.0,-1
1571,5.0,-1
1598,4.0,-1
1719,2.0,-1
1523,7.0,-1
1646,3.0,-1
1795,1.0,-1
1552,6.0,-1
1641,4.0,-1
1648,3.0,-1
1722,2.0,-1
1601,4.0,-1
1625,4.0,-1
1584,5.0,-1
1604,4.0,-1
1714,2.0,-1
1765,1.0,-1
1594,5.0,-1
1593,5.0,-1
1762,1.0,-1
1569,5.0,-1
3085,0.0,-1
1651,3.0,-1
1537,7.0,-1
1544,7.0,-1
1466,9.0,-1
1369,14.0,-1
1861,0.0,-1
1822,1.0,-1
1468,9.0,-1
1488,8.0,-1
1424,12.0,-1
1353,15.0,-1
1536,7.0,-1
1549,6.0,-1
1596,5.0,-1
1492,8.0,-1
1364,14.0,-1
1455,10.0,-1
1599,4.0,-1
1514,8.0,-1
1465,9.0,-1
1521,8.0,-1
1525,7.0,-1
1258,18.0,-1
1430,11.0,-1
1493,8.0,-1
1588,5.0,-1
1617,4.0,-1
1618,4.0,-1
1577,5.0,-1
1649,3.0,-1
1773,1.0,-1
1835,0.0,-1
1843,0.0,-1
1850,0.0,-1
1891,0.0,-1
1858,0.0,-1
1853,0.0,-1
2443,0.0,-1
1865,0.0,-1
1602,4.0,-1
2458,0.0,-1
2116,0.0,-1
2409,0.0,-1
2224,0.0,-1
1896,0.0,-1
1614,4.0,-1
1587,5.0,-1
1469,9.0,-1
1653,3.0,-1
1520,8.0,-1
1812,1.0,-1
1746,1.0,-1
2672,0.0,-1
2867,0.0,-1
3313,0.0,-1
3139,0.0,-1
1386,13.0,-1
39,100.0,-1
1440,10.0,-1
1624,4.0,-1
1966,0.0,-1
2881,0.0,-1
1798,1.0,-1
1962,0.0,-1
1227,21.0,-1
507,100.0,-1
1799,1.0,-1
1800,1.0,-1
1867,0.0,-1
1963,0.0,-1
3186,0.0,-1
1182,24.0,-1
286,100.0,-1
2666,0.0,-1
1476,9.0,-1
2205,0.0,-1
2336,0.0,-1
2860,0.0,-1
466,100.0,-1
363,100.0,-1
2115,0.0,-1
3391,0.0,-1
1545,6.0,-1
2450,0.0,-1
2940,0.0,-1
2133,0.0,-1
2019,0.0,-1
1381,13.0,-1
35,100.0,-1
60,100.0,-1
2171,0.0,-1
2206,0.0,-1
1555,6.0,-1
1478,9.0,-1
847,58.0,-1
1811,1.0,-1
1844,0.0,-1
1733,2.0,-1
1820,1.0,-1
1821,1.0,-1
1805,1.0,-1
1807,1.0,-1
1801,1.0,-1
1855,0.0,-1
1854,0.0,-1
1708,2.0,-1
1606,4.0,-1
1859,0.0,-1
1774,1.0,-1
1819,1.0,-1
1829,0.0,-1
1657,3.0,-1
1616,4.0,-1
1615,4.0,-1
1769,1.0,-1
1814,1.0,-1
1726,2.0,-1
1730,2.0,-1
1827,0.0,-1
1824,1.0,-1
1823,1.0,-1
1767,1.0,-1
1745,1.0,-1
1796,1.0,-1
1840,0.0,-1
1659,3.0,-1
1681,3.0,-1
1764,1.0,-1
1838,0.0,-1
1517,8.0,-1
2897,0.0,-1
2134,0.0,-1
2463,0.0,-1
2674,0.0,-1
2157,0.0,-1
1516,8.0,-1
1519,8.0,-1
1791,1.0,-1
1809,1.0,-1
1619,4.0,-1
1201,21.0,-1
652,83.0,-1
700,76.0,-1
529,100.0,-1
1072,33.0,-1
718,74.0,-1
19,100.0,-1
526,100.0,-1
528,100.0,-1
1393,10.0,-1
1368,12.0,-1
1224,19.0,-1
15,100.0,-1
1175,23.0,-1
520,100.0,-1
833,59.0,-1
537,100.0,-1
1691,0.0,-1
1685,0.0,-1
1702,0.0,-1
1704,0.0,-1
1687,0.0,-1
524,100.0,-1
851,57.0,-1
1693,0.0,-1
1703,0.0,-1
1698,0.0,-1
1688,0.0,-1
1686,0.0,-1
1694,0.0,-1
1696,0.0,-1
1689,0.0,-1
1692,0.0,-1
1690,0.0,-1
812,61.0,-1
1701,0.0,-1
1697,0.0,-1
1700,0.0,-1
1699,0.0,-1
1695,0.0,-1
656,82.0,-1
1235,18.0,-1
1274,15.0,-1
1448,8.0,-1
870,55.0,-1
889,52.0,-1
649,84.0,-1
467,100.0,-1
478,100.0,-1
475,100.0,-1
710,75.0,-1
622,89.0,-1
514,100.0,-1
689,78.0,-1
734,71.0,-1
474,100.0,-1
1024,39.0,-1
1185,22.0,-1
1439,8.0,-1
1457,7.0,-1
886,53.0,-1
1367,12.0,-1
1162,24.0,-1
890,52.0,-1
1663,0.0,-1
1382,11.0,-1
1060,34.0,-1
1600,2.0,-1
1426,9.0,-1
1664,0.0,-1
1666,0.0,-1
1672,0.0,-1
1665,0.0,-1
1667,0.0,-1
1662,0.0,-1
1674,0.0,-1
1671,0.0,-1
1669,0.0,-1
1213,20.0,-1
1661,0.0,-1
1660,0.0,-1
1673,0.0,-1
1668,0.0,-1
1670,0.0,-1
918,49.0,-1
1220,19.0,-1
493,100.0,-1
491,100.0,-1
662,78.0,-1
1025,29.0,-1
867,48.0,-1
178,100.0,-1
603,92.0,-1
195,100.0,-1
1304,0.0,-1
1303,0.0,-1
1323,0.0,-1
1302,0.0,-1
1119,16.0,-1
1326,0.0,-1
1317,0.0,-1
1322,0.0,-1
1320,0.0,-1
1312,0.0,-1
1316,0.0,-1
1307,0.0,-1
1305,0.0,-1
1308,0.0,-1
1310,0.0,-1
1321,0.0,-1
1327,0.0,-1
1325,0.0,-1
1306,0.0,-1
1313,0.0,-1
1315,0.0,-1
1318,0.0,-1
1319,0.0,-1
1051,25.0,-1
1309,0.0,-1
1311,0.0,-1
1324,0.0,-1
1314,0.0,-1
693,74.0,-1
179,100.0,-1
170,100.0,-1
1240,4.0,-1
1087,0.0,-1
1083,0.0,-1
1085,0.0,-1
1084,0.0,-1
1086,0.0,-1
938,20.0,-1
979,0.0,-1
977,0.0,-1
975,0.0,-1
978,0.0,-1
976,0.0,-1
974,0.0,-1
11,100.0,-1
619,73.0,-1
599,85.0,-1
776,0.0,-1
766,2.0,-1
5,100.0,-1
4,100.0,-1
772,0.0,-1
2,100.0,-1
771,1.0,-1
773,0.0,-1
774,0.0,-1
769,2.0,-1
775,0.0,-1
698,33.0,-1
591,0.0,-1
577,0.0,-1
332,-2.0,-1
510,-2.0,-1
205,-2.0,-1
261,-2.0,-1
180,-2.0,-1
387,-2.0,-1
476,-2.0,-1
319,-2.0,-1
199,-2.0,-1
506,-2.0,-1
330,-2.0,-1
331,-2.0,-1
186,-2.0,-1
289,-2.0,-1
533,-2.0,-1
95,-2.0,-1
365,-2.0,-1
139,-2.0,-1
325,-2.0,-1
90,-2.0,-1
355,-2.0,-1
268,-2.0,-1
341,-2.0,-1
229,-2.0,-1
191,-2.0,-1
334,-2.0,-1
135,-2.0,-1
407,-2.0,-1
311,-2.0,-1
108,-2.0,-1
181,-2.0,-1
321,-2.0,-1
359,-2.0,-1
239,-2.0,-1
232,-2.0,-1
226,-2.0,-1
389,-2.0,-1
329,-2.0,-1
212,-2.0,-1
494,-2.0,-1
102,-2.0,-1
380,-2.0,-1
362,-2.0,-1
72,-2.0,-1
257,-2.0,-1
219,-2.0,-1
92,-2.0,-1
488,-2.0,-1
253,-2.0,-1
518,-2.0,-1
503,-2.0,-1
174,-2.0,-1
259,-2.0,-1
99,-2.0,-1
222,-2.0,-1
516,-2.0,-1
201,-2.0,-1
404,-2.0,-1
304,-2.0,-1
323,-2.0,-1
276,-2.0,-1
240,-2.0,-1
419,-2.0,-1
214,-2.0,-1
282,-2.0,-1
280,-2.0,-1
166,-2.0,-1
420,-2.0,-1
481,-2.0,-1
358,-2.0,-1
197,-2.0,-1
318,-2.0,-1
82,-2.0,-1
360,-2.0,-1
74,-2.0,-1
500,-2.0,-1
158,-2.0,-1
265,-2.0,-1
264,-2.0,-1
252,-2.0,-1
308,-2.0,-1
224,-2.0,-1
156,-2.0,-1
284,-2.0,-1
68,-2.0,-1
486,-2.0,-1
303,-2.0,-1
262,-2.0,-1
426,-2.0,-1
100,-2.0,-1
356,-2.0,-1
200,-2.0,-1
376,-2.0,-1
530,-2.0,-1
172,-2.0,-1
432,-2.0,-1
352,-2.0,-1
374,-2.0,-1
335,-2.0,-1
210,-2.0,-1
429,-2.0,-1
297,-2.0,-1
76,-2.0,-1
496,-2.0,-1
479,-2.0,-1
69,-2.0,-1
531,-2.0,-1
320,-2.0,-1
427,-2.0,-1
480,-2.0,-1
85,-2.0,-1
93,-2.0,-1
377,-2.0,-1
113,-2.0,-1
348,-2.0,-1
368,-2.0,-1
250,-2.0,-1
288,-2.0,-1
399,-2.0,-1
236,-2.0,-1
449,-2.0,-1
187,-2.0,-1
246,-2.0,-1
392,-2.0,-1
457,-2.0,-1
218,-2.0,-1
357,-2.0,-1
260,-2.0,-1
177,-2.0,-1
379,-2.0,-1
339,-2.0,-1
293,-2.0,-1
525,-2.0,-1
66,-2.0,-1
477,-2.0,-1
162,-2.0,-1
283,-2.0,-1
160,-2.0,-1
273,-2.0,-1
188,-2.0,-1
98,-2.0,-1
473,-2.0,-1
234,-2.0,-1
508,-2.0,-1
287,-2.0,-1
346,-2.0,-1
190,-2.0,-1
309,-2.0,-1
183,-2.0,-1
347,-2.0,-1
111,-2.0,-1
77,-2.0,-1
413,-2.0,-1
515,-2.0,-1
80,-2.0,-1
509,-2.0,-1
523,-2.0,-1
215,-2.0,-1
274,-2.0,-1
393,-2.0,-1
196,-2.0,-1
469,-2.0,-1
415,-2.0,-1
301,-2.0,-1
208,-2.0,-1
483,-2.0,-1
164,-2.0,-1
223,-2.0,-1
97,-2.0,-1
64,-2.0,-1
312,-2.0,-1
225,-2.0,-1
67,-2.0,-1
484,-2.0,-1
126,-2.0,-1
279,-2.0,-1
228,-2.0,-1
408,-2.0,-1
361,-2.0,-1
501,-2.0,-1
124,-2.0,-1
440,-2.0,-1
448,-2.0,-1
213,-2.0,-1
322,-2.0,-1
161,-2.0,-1
298,-2.0,-1
227,-2.0,-1
327,-2.0,-1
511,-2.0,-1
401,-2.0,-1
338,-2.0,-1
142,-2.0,-1
521,-2.0,-1
403,-2.0,-1
75,-2.0,-1
278,-2.0,-1
430,-2.0,-1
216,-2.0,-1
446,-2.0,-1
333,-2.0,-1
366,-2.0,-1
458,-2.0,-1
176,-2.0,-1
285,-2.0,-1
411,-2.0,-1
144,-2.0,-1
231,-2.0,-1
83,-2.0,-1
87,-2.0,-1
248,-2.0,-1
118,-2.0,-1
295,-2.0,-1
173,-2.0,-1
535,-2.0,-1
116,-2.0,-1
271,-2.0,-1
207,-2.0,-1
165,-2.0,-1
513,-2.0,-1
313,-2.0,-1
209,-2.0,-1
337,-2.0,-1
456,-2.0,-1
400,-2.0,-1
428,-2.0,-1
336,-2.0,-1
433,-2.0,-1
455,-2.0,-1
254,-2.0,-1
482,-2.0,-1
441,-2.0,-1
128,-2.0,-1
386,-2.0,-1
251,-2.0,-1
169,-2.0,-1
454,-2.0,-1
495,-2.0,-1
505,-2.0,-1
238,-2.0,-1
63,-2.0,-1
372,-2.0,-1
527,-2.0,-1
442,-2.0,-1
324,-2.0,-1
306,-2.0,-1
73,-2.0,-1
461,-2.0,-1
256,-2.0,-1
470,-2.0,-1
163,-2.0,-1
244,-2.0,-1
391,-2.0,-1
247,-2.0,-1
294,-2.0,-1
151,-2.0,-1
353,-2.0,-1
378,-2.0,-1
267,-2.0,-1
405,-2.0,-1
266,-2.0,-1
101,-2.0,-1
317,-2.0,-1
350,-2.0,-1
504,-2.0,-1
398,-2.0,-1
192,-2.0,-1
519,-2.0,-1
84,-2.0,-1
122,-2.0,-1
290,-2.0,-1
242,-2.0,-1
117,-2.0,-1
277,-2.0,-1
70,-2.0,-1
534,-2.0,-1
375,-2.0,-1
472,-2.0,-1
89,-2.0,-1
79,-2.0,-1
373,-2.0,-1
416,-2.0,-1
152,-2.0,-1
81,-2.0,-1
343,-2.0,-1
243,-2.0,-1
65,-2.0,-1
86,-2.0,-1
300,-2.0,-1
211,-2.0,-1
532,-2.0,-1
447,-2.0,-1
305,-2.0,-1
498,-2.0,-1
171,-2.0,-1
0,-2.0,-2
